,ds,y
0,2020-03-20 00:00:00,57
1,2020-03-20 01:00:00,35
2,2020-03-20 02:00:00,29
3,2020-03-20 03:00:00,27
4,2020-03-20 04:00:00,27
5,2020-03-20 05:00:00,82
6,2020-03-20 06:00:00,113
7,2020-03-20 07:00:00,196
8,2020-03-20 08:00:00,239
9,2020-03-20 09:00:00,290
10,2020-03-20 10:00:00,309
11,2020-03-20 11:00:00,295
12,2020-03-20 12:00:00,316
13,2020-03-20 13:00:00,341
14,2020-03-20 14:00:00,353
15,2020-03-20 15:00:00,399
16,2020-03-20 16:00:00,418
17,2020-03-20 17:00:00,406
18,2020-03-20 18:00:00,324
19,2020-03-20 19:00:00,258
20,2020-03-20 20:00:00,201
21,2020-03-20 21:00:00,173
22,2020-03-20 22:00:00,127
23,2020-03-20 23:00:00,108
24,2020-03-21 00:00:00,67
25,2020-03-21 01:00:00,47
26,2020-03-21 02:00:00,23
27,2020-03-21 03:00:00,25
28,2020-03-21 04:00:00,43
29,2020-03-21 05:00:00,55
30,2020-03-21 06:00:00,62
31,2020-03-21 07:00:00,82
32,2020-03-21 08:00:00,117
33,2020-03-21 09:00:00,129
34,2020-03-21 10:00:00,205
35,2020-03-21 11:00:00,200
36,2020-03-21 12:00:00,213
37,2020-03-21 13:00:00,174
38,2020-03-21 14:00:00,223
39,2020-03-21 15:00:00,203
40,2020-03-21 16:00:00,192
41,2020-03-21 17:00:00,177
42,2020-03-21 18:00:00,146
43,2020-03-21 19:00:00,116
44,2020-03-21 20:00:00,125
45,2020-03-21 21:00:00,111
46,2020-03-21 22:00:00,89
47,2020-03-21 23:00:00,59
48,2020-03-22 00:00:00,56
49,2020-03-22 01:00:00,44
50,2020-03-22 02:00:00,24
51,2020-03-22 03:00:00,16
52,2020-03-22 04:00:00,15
53,2020-03-22 05:00:00,26
54,2020-03-22 06:00:00,34
55,2020-03-22 07:00:00,53
56,2020-03-22 08:00:00,37
57,2020-03-22 09:00:00,65
58,2020-03-22 10:00:00,70
59,2020-03-22 11:00:00,97
60,2020-03-22 12:00:00,84
61,2020-03-22 13:00:00,78
62,2020-03-22 14:00:00,112
63,2020-03-22 15:00:00,101
64,2020-03-22 16:00:00,99
65,2020-03-22 17:00:00,95
66,2020-03-22 18:00:00,92
67,2020-03-22 19:00:00,77
68,2020-03-22 20:00:00,77
69,2020-03-22 21:00:00,64
70,2020-03-22 22:00:00,73
71,2020-03-22 23:00:00,54
72,2020-03-23 00:00:00,51
73,2020-03-23 01:00:00,27
74,2020-03-23 02:00:00,18
75,2020-03-23 03:00:00,19
76,2020-03-23 04:00:00,39
77,2020-03-23 05:00:00,59
78,2020-03-23 06:00:00,64
79,2020-03-23 07:00:00,119
80,2020-03-23 08:00:00,139
81,2020-03-23 09:00:00,143
82,2020-03-23 10:00:00,174
83,2020-03-23 11:00:00,167
84,2020-03-23 12:00:00,166
85,2020-03-23 13:00:00,193
86,2020-03-23 14:00:00,177
87,2020-03-23 15:00:00,198
88,2020-03-23 16:00:00,193
89,2020-03-23 17:00:00,167
90,2020-03-23 18:00:00,126
91,2020-03-23 19:00:00,116
92,2020-03-23 20:00:00,97
93,2020-03-23 21:00:00,69
94,2020-03-23 22:00:00,57
95,2020-03-23 23:00:00,58
96,2020-03-24 00:00:00,38
97,2020-03-24 01:00:00,25
98,2020-03-24 02:00:00,16
99,2020-03-24 03:00:00,19
100,2020-03-24 04:00:00,29
101,2020-03-24 05:00:00,54
102,2020-03-24 06:00:00,80
103,2020-03-24 07:00:00,93
104,2020-03-24 08:00:00,134
105,2020-03-24 09:00:00,135
106,2020-03-24 10:00:00,163
107,2020-03-24 11:00:00,165
108,2020-03-24 12:00:00,162
109,2020-03-24 13:00:00,171
110,2020-03-24 14:00:00,197
111,2020-03-24 15:00:00,195
112,2020-03-24 16:00:00,171
113,2020-03-24 17:00:00,148
114,2020-03-24 18:00:00,124
115,2020-03-24 19:00:00,109
116,2020-03-24 20:00:00,78
117,2020-03-24 21:00:00,52
118,2020-03-24 22:00:00,51
119,2020-03-24 23:00:00,40
120,2020-03-25 00:00:00,29
121,2020-03-25 01:00:00,33
122,2020-03-25 02:00:00,23
123,2020-03-25 03:00:00,20
124,2020-03-25 04:00:00,32
125,2020-03-25 05:00:00,47
126,2020-03-25 06:00:00,64
127,2020-03-25 07:00:00,104
128,2020-03-25 08:00:00,122
129,2020-03-25 09:00:00,128
130,2020-03-25 10:00:00,157
131,2020-03-25 11:00:00,138
132,2020-03-25 12:00:00,158
133,2020-03-25 13:00:00,163
134,2020-03-25 14:00:00,188
135,2020-03-25 15:00:00,192
136,2020-03-25 16:00:00,172
137,2020-03-25 17:00:00,151
138,2020-03-25 18:00:00,138
139,2020-03-25 19:00:00,93
140,2020-03-25 20:00:00,77
141,2020-03-25 21:00:00,62
142,2020-03-25 22:00:00,46
143,2020-03-25 23:00:00,45
144,2020-03-26 00:00:00,41
145,2020-03-26 01:00:00,23
146,2020-03-26 02:00:00,15
147,2020-03-26 03:00:00,18
148,2020-03-26 04:00:00,34
149,2020-03-26 05:00:00,40
150,2020-03-26 06:00:00,59
151,2020-03-26 07:00:00,104
152,2020-03-26 08:00:00,139
153,2020-03-26 09:00:00,144
154,2020-03-26 10:00:00,174
155,2020-03-26 11:00:00,143
156,2020-03-26 12:00:00,156
157,2020-03-26 13:00:00,168
158,2020-03-26 14:00:00,202
159,2020-03-26 15:00:00,207
160,2020-03-26 16:00:00,180
161,2020-03-26 17:00:00,189
162,2020-03-26 18:00:00,135
163,2020-03-26 19:00:00,98
164,2020-03-26 20:00:00,78
165,2020-03-26 21:00:00,52
166,2020-03-26 22:00:00,39
167,2020-03-26 23:00:00,52
168,2020-03-27 00:00:00,48
169,2020-03-27 01:00:00,29
170,2020-03-27 02:00:00,23
171,2020-03-27 03:00:00,20
172,2020-03-27 04:00:00,32
173,2020-03-27 05:00:00,42
174,2020-03-27 06:00:00,75
175,2020-03-27 07:00:00,93
176,2020-03-27 08:00:00,134
177,2020-03-27 09:00:00,134
178,2020-03-27 10:00:00,168
179,2020-03-27 11:00:00,165
180,2020-03-27 12:00:00,145
181,2020-03-27 13:00:00,169
182,2020-03-27 14:00:00,177
183,2020-03-27 15:00:00,179
184,2020-03-27 16:00:00,211
185,2020-03-27 17:00:00,190
186,2020-03-27 18:00:00,132
187,2020-03-27 19:00:00,106
188,2020-03-27 20:00:00,84
189,2020-03-27 21:00:00,63
190,2020-03-27 22:00:00,60
191,2020-03-27 23:00:00,58
192,2020-03-28 00:00:00,40
193,2020-03-28 01:00:00,40
194,2020-03-28 02:00:00,20
195,2020-03-28 03:00:00,18
196,2020-03-28 04:00:00,25
197,2020-03-28 05:00:00,30
198,2020-03-28 06:00:00,50
199,2020-03-28 07:00:00,47
200,2020-03-28 08:00:00,55
201,2020-03-28 09:00:00,71
202,2020-03-28 10:00:00,99
203,2020-03-28 11:00:00,99
204,2020-03-28 12:00:00,99
205,2020-03-28 13:00:00,102
206,2020-03-28 14:00:00,112
207,2020-03-28 15:00:00,115
208,2020-03-28 16:00:00,107
209,2020-03-28 17:00:00,103
210,2020-03-28 18:00:00,75
211,2020-03-28 19:00:00,49
212,2020-03-28 20:00:00,76
213,2020-03-28 21:00:00,68
214,2020-03-28 22:00:00,61
215,2020-03-28 23:00:00,45
216,2020-03-29 00:00:00,30
217,2020-03-29 01:00:00,15
218,2020-03-29 02:00:00,14
219,2020-03-29 03:00:00,16
220,2020-03-29 04:00:00,18
221,2020-03-29 05:00:00,24
222,2020-03-29 06:00:00,33
223,2020-03-29 07:00:00,45
224,2020-03-29 08:00:00,50
225,2020-03-29 09:00:00,56
226,2020-03-29 10:00:00,68
227,2020-03-29 11:00:00,74
228,2020-03-29 12:00:00,66
229,2020-03-29 13:00:00,75
230,2020-03-29 14:00:00,78
231,2020-03-29 15:00:00,88
232,2020-03-29 16:00:00,82
233,2020-03-29 17:00:00,69
234,2020-03-29 18:00:00,62
235,2020-03-29 19:00:00,53
236,2020-03-29 20:00:00,70
237,2020-03-29 21:00:00,57
238,2020-03-29 22:00:00,42
239,2020-03-29 23:00:00,41
240,2020-03-30 00:00:00,32
241,2020-03-30 01:00:00,18
242,2020-03-30 02:00:00,21
243,2020-03-30 03:00:00,19
244,2020-03-30 04:00:00,34
245,2020-03-30 05:00:00,44
246,2020-03-30 06:00:00,63
247,2020-03-30 07:00:00,82
248,2020-03-30 08:00:00,112
249,2020-03-30 09:00:00,127
250,2020-03-30 10:00:00,163
251,2020-03-30 11:00:00,159
252,2020-03-30 12:00:00,167
253,2020-03-30 13:00:00,177
254,2020-03-30 14:00:00,181
255,2020-03-30 15:00:00,173
256,2020-03-30 16:00:00,186
257,2020-03-30 17:00:00,145
258,2020-03-30 18:00:00,107
259,2020-03-30 19:00:00,73
260,2020-03-30 20:00:00,83
261,2020-03-30 21:00:00,57
262,2020-03-30 22:00:00,51
263,2020-03-30 23:00:00,39
264,2020-03-31 00:00:00,35
265,2020-03-31 01:00:00,18
266,2020-03-31 02:00:00,14
267,2020-03-31 03:00:00,14
268,2020-03-31 04:00:00,21
269,2020-03-31 05:00:00,31
270,2020-03-31 06:00:00,52
271,2020-03-31 07:00:00,80
272,2020-03-31 08:00:00,120
273,2020-03-31 09:00:00,113
274,2020-03-31 10:00:00,143
275,2020-03-31 11:00:00,139
276,2020-03-31 12:00:00,139
277,2020-03-31 13:00:00,143
278,2020-03-31 14:00:00,149
279,2020-03-31 15:00:00,146
280,2020-03-31 16:00:00,172
281,2020-03-31 17:00:00,149
282,2020-03-31 18:00:00,104
283,2020-03-31 19:00:00,81
284,2020-03-31 20:00:00,90
285,2020-03-31 21:00:00,63
286,2020-03-31 22:00:00,54
287,2020-03-31 23:00:00,55
288,2020-04-01 00:00:00,36
289,2020-04-01 01:00:00,25
290,2020-04-01 02:00:00,14
291,2020-04-01 03:00:00,18
292,2020-04-01 04:00:00,29
293,2020-04-01 05:00:00,47
294,2020-04-01 06:00:00,68
295,2020-04-01 07:00:00,84
296,2020-04-01 08:00:00,120
297,2020-04-01 09:00:00,158
298,2020-04-01 10:00:00,163
299,2020-04-01 11:00:00,173
300,2020-04-01 12:00:00,198
301,2020-04-01 13:00:00,177
302,2020-04-01 14:00:00,176
303,2020-04-01 15:00:00,204
304,2020-04-01 16:00:00,163
305,2020-04-01 17:00:00,167
306,2020-04-01 18:00:00,122
307,2020-04-01 19:00:00,86
308,2020-04-01 20:00:00,81
309,2020-04-01 21:00:00,58
310,2020-04-01 22:00:00,60
311,2020-04-01 23:00:00,40
312,2020-04-02 00:00:00,37
313,2020-04-02 01:00:00,21
314,2020-04-02 02:00:00,8
315,2020-04-02 03:00:00,22
316,2020-04-02 04:00:00,27
317,2020-04-02 05:00:00,39
318,2020-04-02 06:00:00,64
319,2020-04-02 07:00:00,76
320,2020-04-02 08:00:00,106
321,2020-04-02 09:00:00,130
322,2020-04-02 10:00:00,136
323,2020-04-02 11:00:00,145
324,2020-04-02 12:00:00,166
325,2020-04-02 13:00:00,167
326,2020-04-02 14:00:00,177
327,2020-04-02 15:00:00,175
328,2020-04-02 16:00:00,131
329,2020-04-02 17:00:00,156
330,2020-04-02 18:00:00,143
331,2020-04-02 19:00:00,94
332,2020-04-02 20:00:00,76
333,2020-04-02 21:00:00,62
334,2020-04-02 22:00:00,42
335,2020-04-02 23:00:00,46
336,2020-04-03 00:00:00,37
337,2020-04-03 01:00:00,25
338,2020-04-03 02:00:00,20
339,2020-04-03 03:00:00,22
340,2020-04-03 04:00:00,23
341,2020-04-03 05:00:00,33
342,2020-04-03 06:00:00,62
343,2020-04-03 07:00:00,88
344,2020-04-03 08:00:00,120
345,2020-04-03 09:00:00,129
346,2020-04-03 10:00:00,176
347,2020-04-03 11:00:00,198
348,2020-04-03 12:00:00,164
349,2020-04-03 13:00:00,194
350,2020-04-03 14:00:00,202
351,2020-04-03 15:00:00,212
352,2020-04-03 16:00:00,176
353,2020-04-03 17:00:00,169
354,2020-04-03 18:00:00,132
355,2020-04-03 19:00:00,121
356,2020-04-03 20:00:00,89
357,2020-04-03 21:00:00,52
358,2020-04-03 22:00:00,55
359,2020-04-03 23:00:00,60
360,2020-04-04 00:00:00,45
361,2020-04-04 01:00:00,28
362,2020-04-04 02:00:00,12
363,2020-04-04 03:00:00,8
364,2020-04-04 04:00:00,24
365,2020-04-04 05:00:00,27
366,2020-04-04 06:00:00,47
367,2020-04-04 07:00:00,50
368,2020-04-04 08:00:00,61
369,2020-04-04 09:00:00,82
370,2020-04-04 10:00:00,122
371,2020-04-04 11:00:00,134
372,2020-04-04 12:00:00,127
373,2020-04-04 13:00:00,127
374,2020-04-04 14:00:00,126
375,2020-04-04 15:00:00,133
376,2020-04-04 16:00:00,114
377,2020-04-04 17:00:00,96
378,2020-04-04 18:00:00,83
379,2020-04-04 19:00:00,63
380,2020-04-04 20:00:00,61
381,2020-04-04 21:00:00,68
382,2020-04-04 22:00:00,60
383,2020-04-04 23:00:00,47
384,2020-04-05 00:00:00,32
385,2020-04-05 01:00:00,23
386,2020-04-05 02:00:00,15
387,2020-04-05 03:00:00,11
388,2020-04-05 04:00:00,13
389,2020-04-05 05:00:00,14
390,2020-04-05 06:00:00,28
391,2020-04-05 07:00:00,41
392,2020-04-05 08:00:00,62
393,2020-04-05 09:00:00,59
394,2020-04-05 10:00:00,63
395,2020-04-05 11:00:00,72
396,2020-04-05 12:00:00,67
397,2020-04-05 13:00:00,62
398,2020-04-05 14:00:00,92
399,2020-04-05 15:00:00,90
400,2020-04-05 16:00:00,112
401,2020-04-05 17:00:00,71
402,2020-04-05 18:00:00,63
403,2020-04-05 19:00:00,59
404,2020-04-05 20:00:00,64
405,2020-04-05 21:00:00,50
406,2020-04-05 22:00:00,48
407,2020-04-05 23:00:00,59
408,2020-04-06 00:00:00,37
409,2020-04-06 01:00:00,30
410,2020-04-06 02:00:00,10
411,2020-04-06 03:00:00,20
412,2020-04-06 04:00:00,31
413,2020-04-06 05:00:00,39
414,2020-04-06 06:00:00,54
415,2020-04-06 07:00:00,94
416,2020-04-06 08:00:00,98
417,2020-04-06 09:00:00,110
418,2020-04-06 10:00:00,144
419,2020-04-06 11:00:00,165
420,2020-04-06 12:00:00,151
421,2020-04-06 13:00:00,142
422,2020-04-06 14:00:00,161
423,2020-04-06 15:00:00,178
424,2020-04-06 16:00:00,148
425,2020-04-06 17:00:00,143
426,2020-04-06 18:00:00,105
427,2020-04-06 19:00:00,84
428,2020-04-06 20:00:00,61
429,2020-04-06 21:00:00,56
430,2020-04-06 22:00:00,47
431,2020-04-06 23:00:00,63
432,2020-04-07 00:00:00,35
433,2020-04-07 01:00:00,13
434,2020-04-07 02:00:00,19
435,2020-04-07 03:00:00,14
436,2020-04-07 04:00:00,24
437,2020-04-07 05:00:00,34
438,2020-04-07 06:00:00,58
439,2020-04-07 07:00:00,73
440,2020-04-07 08:00:00,117
441,2020-04-07 09:00:00,132
442,2020-04-07 10:00:00,135
443,2020-04-07 11:00:00,141
444,2020-04-07 12:00:00,121
445,2020-04-07 13:00:00,156
446,2020-04-07 14:00:00,148
447,2020-04-07 15:00:00,136
448,2020-04-07 16:00:00,144
449,2020-04-07 17:00:00,137
450,2020-04-07 18:00:00,94
451,2020-04-07 19:00:00,80
452,2020-04-07 20:00:00,60
453,2020-04-07 21:00:00,47
454,2020-04-07 22:00:00,59
455,2020-04-07 23:00:00,32
456,2020-04-08 00:00:00,32
457,2020-04-08 01:00:00,24
458,2020-04-08 02:00:00,10
459,2020-04-08 03:00:00,18
460,2020-04-08 04:00:00,26
461,2020-04-08 05:00:00,46
462,2020-04-08 06:00:00,58
463,2020-04-08 07:00:00,76
464,2020-04-08 08:00:00,109
465,2020-04-08 09:00:00,123
466,2020-04-08 10:00:00,138
467,2020-04-08 11:00:00,130
468,2020-04-08 12:00:00,165
469,2020-04-08 13:00:00,156
470,2020-04-08 14:00:00,151
471,2020-04-08 15:00:00,146
472,2020-04-08 16:00:00,136
473,2020-04-08 17:00:00,153
474,2020-04-08 18:00:00,111
475,2020-04-08 19:00:00,83
476,2020-04-08 20:00:00,53
477,2020-04-08 21:00:00,43
478,2020-04-08 22:00:00,43
479,2020-04-08 23:00:00,40
480,2020-04-09 00:00:00,34
481,2020-04-09 01:00:00,19
482,2020-04-09 02:00:00,14
483,2020-04-09 03:00:00,23
484,2020-04-09 04:00:00,35
485,2020-04-09 05:00:00,38
486,2020-04-09 06:00:00,57
487,2020-04-09 07:00:00,89
488,2020-04-09 08:00:00,90
489,2020-04-09 09:00:00,116
490,2020-04-09 10:00:00,147
491,2020-04-09 11:00:00,135
492,2020-04-09 12:00:00,152
493,2020-04-09 13:00:00,156
494,2020-04-09 14:00:00,155
495,2020-04-09 15:00:00,151
496,2020-04-09 16:00:00,154
497,2020-04-09 17:00:00,148
498,2020-04-09 18:00:00,78
499,2020-04-09 19:00:00,79
500,2020-04-09 20:00:00,55
501,2020-04-09 21:00:00,59
502,2020-04-09 22:00:00,45
503,2020-04-09 23:00:00,60
504,2020-04-10 00:00:00,33
505,2020-04-10 01:00:00,18
506,2020-04-10 02:00:00,9
507,2020-04-10 03:00:00,20
508,2020-04-10 04:00:00,30
509,2020-04-10 05:00:00,31
510,2020-04-10 06:00:00,47
511,2020-04-10 07:00:00,77
512,2020-04-10 08:00:00,97
513,2020-04-10 09:00:00,111
514,2020-04-10 10:00:00,155
515,2020-04-10 11:00:00,134
516,2020-04-10 12:00:00,147
517,2020-04-10 13:00:00,122
518,2020-04-10 14:00:00,141
519,2020-04-10 15:00:00,149
520,2020-04-10 16:00:00,145
521,2020-04-10 17:00:00,131
522,2020-04-10 18:00:00,82
523,2020-04-10 19:00:00,86
524,2020-04-10 20:00:00,65
525,2020-04-10 21:00:00,52
526,2020-04-10 22:00:00,44
527,2020-04-10 23:00:00,46
528,2020-04-11 00:00:00,47
529,2020-04-11 01:00:00,27
530,2020-04-11 02:00:00,16
531,2020-04-11 03:00:00,13
532,2020-04-11 04:00:00,12
533,2020-04-11 05:00:00,25
534,2020-04-11 06:00:00,38
535,2020-04-11 07:00:00,41
536,2020-04-11 08:00:00,66
537,2020-04-11 09:00:00,81
538,2020-04-11 10:00:00,104
539,2020-04-11 11:00:00,117
540,2020-04-11 12:00:00,107
541,2020-04-11 13:00:00,101
542,2020-04-11 14:00:00,118
543,2020-04-11 15:00:00,127
544,2020-04-11 16:00:00,129
545,2020-04-11 17:00:00,105
546,2020-04-11 18:00:00,86
547,2020-04-11 19:00:00,58
548,2020-04-11 20:00:00,51
549,2020-04-11 21:00:00,38
550,2020-04-11 22:00:00,38
551,2020-04-11 23:00:00,53
552,2020-04-12 00:00:00,30
553,2020-04-12 01:00:00,21
554,2020-04-12 02:00:00,12
555,2020-04-12 03:00:00,11
556,2020-04-12 04:00:00,7
557,2020-04-12 05:00:00,20
558,2020-04-12 06:00:00,27
559,2020-04-12 07:00:00,27
560,2020-04-12 08:00:00,45
561,2020-04-12 09:00:00,40
562,2020-04-12 10:00:00,39
563,2020-04-12 11:00:00,66
564,2020-04-12 12:00:00,68
565,2020-04-12 13:00:00,78
566,2020-04-12 14:00:00,68
567,2020-04-12 15:00:00,83
568,2020-04-12 16:00:00,58
569,2020-04-12 17:00:00,66
570,2020-04-12 18:00:00,39
571,2020-04-12 19:00:00,56
572,2020-04-12 20:00:00,43
573,2020-04-12 21:00:00,47
574,2020-04-12 22:00:00,42
575,2020-04-12 23:00:00,34
576,2020-04-13 00:00:00,31
577,2020-04-13 01:00:00,16
578,2020-04-13 02:00:00,11
579,2020-04-13 03:00:00,21
580,2020-04-13 04:00:00,33
581,2020-04-13 05:00:00,43
582,2020-04-13 06:00:00,61
583,2020-04-13 07:00:00,72
584,2020-04-13 08:00:00,86
585,2020-04-13 09:00:00,101
586,2020-04-13 10:00:00,124
587,2020-04-13 11:00:00,140
588,2020-04-13 12:00:00,123
589,2020-04-13 13:00:00,123
590,2020-04-13 14:00:00,151
591,2020-04-13 15:00:00,147
592,2020-04-13 16:00:00,147
593,2020-04-13 17:00:00,138
594,2020-04-13 18:00:00,88
595,2020-04-13 19:00:00,73
596,2020-04-13 20:00:00,81
597,2020-04-13 21:00:00,63
598,2020-04-13 22:00:00,51
599,2020-04-13 23:00:00,42
600,2020-04-14 00:00:00,22
601,2020-04-14 01:00:00,14
602,2020-04-14 02:00:00,16
603,2020-04-14 03:00:00,20
604,2020-04-14 04:00:00,21
605,2020-04-14 05:00:00,38
606,2020-04-14 06:00:00,46
607,2020-04-14 07:00:00,74
608,2020-04-14 08:00:00,85
609,2020-04-14 09:00:00,107
610,2020-04-14 10:00:00,155
611,2020-04-14 11:00:00,132
612,2020-04-14 12:00:00,133
613,2020-04-14 13:00:00,137
614,2020-04-14 14:00:00,140
615,2020-04-14 15:00:00,134
616,2020-04-14 16:00:00,132
617,2020-04-14 17:00:00,103
618,2020-04-14 18:00:00,89
619,2020-04-14 19:00:00,83
620,2020-04-14 20:00:00,55
621,2020-04-14 21:00:00,48
622,2020-04-14 22:00:00,33
623,2020-04-14 23:00:00,40
624,2020-04-15 00:00:00,24
625,2020-04-15 01:00:00,16
626,2020-04-15 02:00:00,8
627,2020-04-15 03:00:00,10
628,2020-04-15 04:00:00,20
629,2020-04-15 05:00:00,22
630,2020-04-15 06:00:00,52
631,2020-04-15 07:00:00,63
632,2020-04-15 08:00:00,81
633,2020-04-15 09:00:00,103
634,2020-04-15 10:00:00,118
635,2020-04-15 11:00:00,139
636,2020-04-15 12:00:00,119
637,2020-04-15 13:00:00,131
638,2020-04-15 14:00:00,162
639,2020-04-15 15:00:00,136
640,2020-04-15 16:00:00,133
641,2020-04-15 17:00:00,119
642,2020-04-15 18:00:00,85
643,2020-04-15 19:00:00,64
644,2020-04-15 20:00:00,61
645,2020-04-15 21:00:00,45
646,2020-04-15 22:00:00,46
647,2020-04-15 23:00:00,36
648,2020-04-16 00:00:00,25
649,2020-04-16 01:00:00,11
650,2020-04-16 02:00:00,6
651,2020-04-16 03:00:00,14
652,2020-04-16 04:00:00,28
653,2020-04-16 05:00:00,33
654,2020-04-16 06:00:00,58
655,2020-04-16 07:00:00,85
656,2020-04-16 08:00:00,103
657,2020-04-16 09:00:00,118
658,2020-04-16 10:00:00,123
659,2020-04-16 11:00:00,146
660,2020-04-16 12:00:00,156
661,2020-04-16 13:00:00,168
662,2020-04-16 14:00:00,168
663,2020-04-16 15:00:00,171
664,2020-04-16 16:00:00,156
665,2020-04-16 17:00:00,122
666,2020-04-16 18:00:00,111
667,2020-04-16 19:00:00,59
668,2020-04-16 20:00:00,50
669,2020-04-16 21:00:00,44
670,2020-04-16 22:00:00,38
671,2020-04-16 23:00:00,41
672,2020-04-17 00:00:00,17
673,2020-04-17 01:00:00,16
674,2020-04-17 02:00:00,8
675,2020-04-17 03:00:00,8
676,2020-04-17 04:00:00,13
677,2020-04-17 05:00:00,28
678,2020-04-17 06:00:00,48
679,2020-04-17 07:00:00,63
680,2020-04-17 08:00:00,73
681,2020-04-17 09:00:00,97
682,2020-04-17 10:00:00,103
683,2020-04-17 11:00:00,125
684,2020-04-17 12:00:00,113
685,2020-04-17 13:00:00,164
686,2020-04-17 14:00:00,149
687,2020-04-17 15:00:00,161
688,2020-04-17 16:00:00,153
689,2020-04-17 17:00:00,140
690,2020-04-17 18:00:00,85
691,2020-04-17 19:00:00,75
692,2020-04-17 20:00:00,76
693,2020-04-17 21:00:00,57
694,2020-04-17 22:00:00,40
695,2020-04-17 23:00:00,39
696,2020-04-18 00:00:00,31
697,2020-04-18 01:00:00,13
698,2020-04-18 02:00:00,11
699,2020-04-18 03:00:00,14
700,2020-04-18 04:00:00,17
701,2020-04-18 05:00:00,15
702,2020-04-18 06:00:00,27
703,2020-04-18 07:00:00,34
704,2020-04-18 08:00:00,70
705,2020-04-18 09:00:00,68
706,2020-04-18 10:00:00,98
707,2020-04-18 11:00:00,111
708,2020-04-18 12:00:00,109
709,2020-04-18 13:00:00,105
710,2020-04-18 14:00:00,113
711,2020-04-18 15:00:00,107
712,2020-04-18 16:00:00,129
713,2020-04-18 17:00:00,83
714,2020-04-18 18:00:00,82
715,2020-04-18 19:00:00,60
716,2020-04-18 20:00:00,47
717,2020-04-18 21:00:00,51
718,2020-04-18 22:00:00,43
719,2020-04-18 23:00:00,41
720,2020-04-19 00:00:00,20
721,2020-04-19 01:00:00,10
722,2020-04-19 02:00:00,6
723,2020-04-19 03:00:00,6
724,2020-04-19 04:00:00,7
725,2020-04-19 05:00:00,14
726,2020-04-19 06:00:00,20
727,2020-04-19 07:00:00,41
728,2020-04-19 08:00:00,39
729,2020-04-19 09:00:00,49
730,2020-04-19 10:00:00,60
731,2020-04-19 11:00:00,72
732,2020-04-19 12:00:00,72
733,2020-04-19 13:00:00,77
734,2020-04-19 14:00:00,80
735,2020-04-19 15:00:00,67
736,2020-04-19 16:00:00,70
737,2020-04-19 17:00:00,69
738,2020-04-19 18:00:00,54
739,2020-04-19 19:00:00,60
740,2020-04-19 20:00:00,43
741,2020-04-19 21:00:00,42
742,2020-04-19 22:00:00,36
743,2020-04-19 23:00:00,37
744,2020-04-20 00:00:00,23
745,2020-04-20 01:00:00,10
746,2020-04-20 02:00:00,10
747,2020-04-20 03:00:00,10
748,2020-04-20 04:00:00,19
749,2020-04-20 05:00:00,27
750,2020-04-20 06:00:00,51
751,2020-04-20 07:00:00,70
752,2020-04-20 08:00:00,68
753,2020-04-20 09:00:00,92
754,2020-04-20 10:00:00,117
755,2020-04-20 11:00:00,130
756,2020-04-20 12:00:00,140
757,2020-04-20 13:00:00,135
758,2020-04-20 14:00:00,130
759,2020-04-20 15:00:00,125
760,2020-04-20 16:00:00,115
761,2020-04-20 17:00:00,165
762,2020-04-20 18:00:00,90
763,2020-04-20 19:00:00,65
764,2020-04-20 20:00:00,55
765,2020-04-20 21:00:00,35
766,2020-04-20 22:00:00,39
767,2020-04-20 23:00:00,37
768,2020-04-21 00:00:00,24
769,2020-04-21 01:00:00,12
770,2020-04-21 02:00:00,20
771,2020-04-21 03:00:00,12
772,2020-04-21 04:00:00,15
773,2020-04-21 05:00:00,29
774,2020-04-21 06:00:00,38
775,2020-04-21 07:00:00,68
776,2020-04-21 08:00:00,93
777,2020-04-21 09:00:00,108
778,2020-04-21 10:00:00,105
779,2020-04-21 11:00:00,136
780,2020-04-21 12:00:00,129
781,2020-04-21 13:00:00,115
782,2020-04-21 14:00:00,135
783,2020-04-21 15:00:00,139
784,2020-04-21 16:00:00,139
785,2020-04-21 17:00:00,127
786,2020-04-21 18:00:00,111
787,2020-04-21 19:00:00,89
788,2020-04-21 20:00:00,59
789,2020-04-21 21:00:00,47
790,2020-04-21 22:00:00,48
791,2020-04-21 23:00:00,33
792,2020-04-22 00:00:00,24
793,2020-04-22 01:00:00,10
794,2020-04-22 02:00:00,8
795,2020-04-22 03:00:00,13
796,2020-04-22 04:00:00,26
797,2020-04-22 05:00:00,27
798,2020-04-22 06:00:00,50
799,2020-04-22 07:00:00,74
800,2020-04-22 08:00:00,107
801,2020-04-22 09:00:00,94
802,2020-04-22 10:00:00,132
803,2020-04-22 11:00:00,133
804,2020-04-22 12:00:00,134
805,2020-04-22 13:00:00,136
806,2020-04-22 14:00:00,140
807,2020-04-22 15:00:00,159
808,2020-04-22 16:00:00,139
809,2020-04-22 17:00:00,138
810,2020-04-22 18:00:00,83
811,2020-04-22 19:00:00,69
812,2020-04-22 20:00:00,50
813,2020-04-22 21:00:00,47
814,2020-04-22 22:00:00,50
815,2020-04-22 23:00:00,33
816,2020-04-23 00:00:00,33
817,2020-04-23 01:00:00,21
818,2020-04-23 02:00:00,11
819,2020-04-23 03:00:00,10
820,2020-04-23 04:00:00,17
821,2020-04-23 05:00:00,32
822,2020-04-23 06:00:00,41
823,2020-04-23 07:00:00,70
824,2020-04-23 08:00:00,85
825,2020-04-23 09:00:00,102
826,2020-04-23 10:00:00,141
827,2020-04-23 11:00:00,135
828,2020-04-23 12:00:00,148
829,2020-04-23 13:00:00,132
830,2020-04-23 14:00:00,140
831,2020-04-23 15:00:00,141
832,2020-04-23 16:00:00,136
833,2020-04-23 17:00:00,134
834,2020-04-23 18:00:00,112
835,2020-04-23 19:00:00,76
836,2020-04-23 20:00:00,77
837,2020-04-23 21:00:00,49
838,2020-04-23 22:00:00,52
839,2020-04-23 23:00:00,47
840,2020-04-24 00:00:00,32
841,2020-04-24 01:00:00,13
842,2020-04-24 02:00:00,10
843,2020-04-24 03:00:00,12
844,2020-04-24 04:00:00,34
845,2020-04-24 05:00:00,37
846,2020-04-24 06:00:00,48
847,2020-04-24 07:00:00,89
848,2020-04-24 08:00:00,82
849,2020-04-24 09:00:00,117
850,2020-04-24 10:00:00,116
851,2020-04-24 11:00:00,127
852,2020-04-24 12:00:00,165
853,2020-04-24 13:00:00,152
854,2020-04-24 14:00:00,131
855,2020-04-24 15:00:00,143
856,2020-04-24 16:00:00,153
857,2020-04-24 17:00:00,127
858,2020-04-24 18:00:00,113
859,2020-04-24 19:00:00,82
860,2020-04-24 20:00:00,70
861,2020-04-24 21:00:00,45
862,2020-04-24 22:00:00,58
863,2020-04-24 23:00:00,40
864,2020-04-25 00:00:00,27
865,2020-04-25 01:00:00,15
866,2020-04-25 02:00:00,13
867,2020-04-25 03:00:00,12
868,2020-04-25 04:00:00,37
869,2020-04-25 05:00:00,42
870,2020-04-25 06:00:00,31
871,2020-04-25 07:00:00,41
872,2020-04-25 08:00:00,62
873,2020-04-25 09:00:00,75
874,2020-04-25 10:00:00,78
875,2020-04-25 11:00:00,99
876,2020-04-25 12:00:00,98
877,2020-04-25 13:00:00,99
878,2020-04-25 14:00:00,109
879,2020-04-25 15:00:00,128
880,2020-04-25 16:00:00,85
881,2020-04-25 17:00:00,86
882,2020-04-25 18:00:00,53
883,2020-04-25 19:00:00,51
884,2020-04-25 20:00:00,44
885,2020-04-25 21:00:00,44
886,2020-04-25 22:00:00,43
887,2020-04-25 23:00:00,39
888,2020-04-26 00:00:00,17
889,2020-04-26 01:00:00,14
890,2020-04-26 02:00:00,7
891,2020-04-26 03:00:00,6
892,2020-04-26 04:00:00,6
893,2020-04-26 05:00:00,17
894,2020-04-26 06:00:00,23
895,2020-04-26 07:00:00,25
896,2020-04-26 08:00:00,44
897,2020-04-26 09:00:00,43
898,2020-04-26 10:00:00,59
899,2020-04-26 11:00:00,62
900,2020-04-26 12:00:00,75
901,2020-04-26 13:00:00,69
902,2020-04-26 14:00:00,83
903,2020-04-26 15:00:00,76
904,2020-04-26 16:00:00,70
905,2020-04-26 17:00:00,72
906,2020-04-26 18:00:00,51
907,2020-04-26 19:00:00,52
908,2020-04-26 20:00:00,41
909,2020-04-26 21:00:00,48
910,2020-04-26 22:00:00,48
911,2020-04-26 23:00:00,39
912,2020-04-27 00:00:00,23
913,2020-04-27 01:00:00,14
914,2020-04-27 02:00:00,13
915,2020-04-27 03:00:00,14
916,2020-04-27 04:00:00,26
917,2020-04-27 05:00:00,48
918,2020-04-27 06:00:00,52
919,2020-04-27 07:00:00,86
920,2020-04-27 08:00:00,91
921,2020-04-27 09:00:00,110
922,2020-04-27 10:00:00,126
923,2020-04-27 11:00:00,131
924,2020-04-27 12:00:00,137
925,2020-04-27 13:00:00,140
926,2020-04-27 14:00:00,160
927,2020-04-27 15:00:00,181
928,2020-04-27 16:00:00,150
929,2020-04-27 17:00:00,124
930,2020-04-27 18:00:00,95
931,2020-04-27 19:00:00,78
932,2020-04-27 20:00:00,51
933,2020-04-27 21:00:00,33
934,2020-04-27 22:00:00,42
935,2020-04-27 23:00:00,37
936,2020-04-28 00:00:00,23
937,2020-04-28 01:00:00,17
938,2020-04-28 02:00:00,7
939,2020-04-28 03:00:00,16
940,2020-04-28 04:00:00,27
941,2020-04-28 05:00:00,43
942,2020-04-28 06:00:00,52
943,2020-04-28 07:00:00,64
944,2020-04-28 08:00:00,81
945,2020-04-28 09:00:00,121
946,2020-04-28 10:00:00,142
947,2020-04-28 11:00:00,118
948,2020-04-28 12:00:00,149
949,2020-04-28 13:00:00,170
950,2020-04-28 14:00:00,168
951,2020-04-28 15:00:00,170
952,2020-04-28 16:00:00,167
953,2020-04-28 17:00:00,150
954,2020-04-28 18:00:00,118
955,2020-04-28 19:00:00,89
956,2020-04-28 20:00:00,63
957,2020-04-28 21:00:00,42
958,2020-04-28 22:00:00,43
959,2020-04-28 23:00:00,37
960,2020-04-29 00:00:00,24
961,2020-04-29 01:00:00,13
962,2020-04-29 02:00:00,16
963,2020-04-29 03:00:00,17
964,2020-04-29 04:00:00,25
965,2020-04-29 05:00:00,47
966,2020-04-29 06:00:00,66
967,2020-04-29 07:00:00,89
968,2020-04-29 08:00:00,100
969,2020-04-29 09:00:00,125
970,2020-04-29 10:00:00,145
971,2020-04-29 11:00:00,165
972,2020-04-29 12:00:00,151
973,2020-04-29 13:00:00,151
974,2020-04-29 14:00:00,169
975,2020-04-29 15:00:00,162
976,2020-04-29 16:00:00,203
977,2020-04-29 17:00:00,154
978,2020-04-29 18:00:00,120
979,2020-04-29 19:00:00,72
980,2020-04-29 20:00:00,59
981,2020-04-29 21:00:00,55
982,2020-04-29 22:00:00,47
983,2020-04-29 23:00:00,39
984,2020-04-30 00:00:00,29
985,2020-04-30 01:00:00,17
986,2020-04-30 02:00:00,15
987,2020-04-30 03:00:00,15
988,2020-04-30 04:00:00,22
989,2020-04-30 05:00:00,34
990,2020-04-30 06:00:00,59
991,2020-04-30 07:00:00,79
992,2020-04-30 08:00:00,110
993,2020-04-30 09:00:00,133
994,2020-04-30 10:00:00,149
995,2020-04-30 11:00:00,141
996,2020-04-30 12:00:00,173
997,2020-04-30 13:00:00,192
998,2020-04-30 14:00:00,170
999,2020-04-30 15:00:00,161
1000,2020-04-30 16:00:00,149
1001,2020-04-30 17:00:00,150
1002,2020-04-30 18:00:00,117
1003,2020-04-30 19:00:00,104
1004,2020-04-30 20:00:00,65
1005,2020-04-30 21:00:00,59
1006,2020-04-30 22:00:00,56
1007,2020-04-30 23:00:00,56
1008,2020-05-01 00:00:00,3
