,ds,yhat
0,2020-03-20 00:00:00,119.80843819090052
1,2020-03-20 01:00:00,107.49200158633695
2,2020-03-20 02:00:00,100.87006900144416
3,2020-03-20 03:00:00,102.49014253598202
4,2020-03-20 04:00:00,111.05337336826814
5,2020-03-20 05:00:00,123.99210533085176
6,2020-03-20 06:00:00,140.12463235195352
7,2020-03-20 07:00:00,159.497452459433
8,2020-03-20 08:00:00,181.0157013481966
9,2020-03-20 09:00:00,201.1051803472592
10,2020-03-20 10:00:00,215.5685215147319
11,2020-03-20 11:00:00,223.12065838361522
12,2020-03-20 12:00:00,226.7870876714544
13,2020-03-20 13:00:00,231.09203604552312
14,2020-03-20 14:00:00,237.2334213467341
15,2020-03-20 15:00:00,240.91809085570526
16,2020-03-20 16:00:00,235.4458382363417
17,2020-03-20 17:00:00,217.70990044351925
18,2020-03-20 18:00:00,191.73368748788468
19,2020-03-20 19:00:00,166.298913039801
20,2020-03-20 20:00:00,148.50607935249732
21,2020-03-20 21:00:00,138.82371897217547
22,2020-03-20 22:00:00,131.82457014399608
23,2020-03-20 23:00:00,121.66518479283633
24,2020-03-21 00:00:00,107.27057601750903
25,2020-03-21 01:00:00,92.85734681747849
26,2020-03-21 02:00:00,83.9754774568157
27,2020-03-21 03:00:00,83.18816335396838
28,2020-03-21 04:00:00,89.21446603242583
29,2020-03-21 05:00:00,99.50669610121658
30,2020-03-21 06:00:00,112.90498284177522
31,2020-03-21 07:00:00,129.47931512058395
32,2020-03-21 08:00:00,148.15973895705625
33,2020-03-21 09:00:00,165.39812925636343
34,2020-03-21 10:00:00,177.0240811883
35,2020-03-21 11:00:00,181.78009317617
36,2020-03-21 12:00:00,182.71952983220518
37,2020-03-21 13:00:00,184.3944825740398
38,2020-03-21 14:00:00,188.03042088707858
39,2020-03-21 15:00:00,189.36112048576024
40,2020-03-21 16:00:00,181.71237369699648
41,2020-03-21 17:00:00,162.00218701723298
42,2020-03-21 18:00:00,134.2772223312329
43,2020-03-21 19:00:00,107.34065328522667
44,2020-03-21 20:00:00,88.31239359289162
45,2020-03-21 21:00:00,77.67810290643618
46,2020-03-21 22:00:00,70.02515006935667
47,2020-03-21 23:00:00,59.52203523510332
48,2020-03-22 00:00:00,45.102880146397766
49,2020-03-22 01:00:00,30.9904302817409
50,2020-03-22 02:00:00,22.73774791026881
51,2020-03-22 03:00:00,22.907989202849535
52,2020-03-22 04:00:00,30.21702880408958
53,2020-03-22 05:00:00,42.11085128793225
54,2020-03-22 06:00:00,57.42016411972321
55,2020-03-22 07:00:00,76.20251647836061
56,2020-03-22 08:00:00,97.37260847855424
57,2020-03-22 09:00:00,117.36420709850411
58,2020-03-22 10:00:00,131.98621288159
59,2020-03-22 11:00:00,139.9580471189173
60,2020-03-22 12:00:00,144.30784586622104
61,2020-03-22 13:00:00,149.56057579265087
62,2020-03-22 14:00:00,156.91296193567982
63,2020-03-22 15:00:00,162.06871048224082
64,2020-03-22 16:00:00,158.32252852726702
65,2020-03-22 17:00:00,142.58995997394675
66,2020-03-22 18:00:00,118.85620165129973
67,2020-03-22 19:00:00,95.89224484852733
68,2020-03-22 20:00:00,80.78611777495294
69,2020-03-22 21:00:00,73.992219506976
70,2020-03-22 22:00:00,70.06760373439016
71,2020-03-22 23:00:00,63.15171013389307
72,2020-03-23 00:00:00,52.151149138068945
73,2020-03-23 01:00:00,41.26298046415667
74,2020-03-23 02:00:00,36.01666131805489
75,2020-03-23 03:00:00,38.95405455558165
76,2020-03-23 04:00:00,48.772257632324
77,2020-03-23 05:00:00,62.901169507847804
78,2020-03-23 06:00:00,80.1582482273013
79,2020-03-23 07:00:00,100.59074199079178
80,2020-03-23 08:00:00,123.10607712150644
81,2020-03-23 09:00:00,144.13381848488882
82,2020-03-23 10:00:00,159.48174608374168
83,2020-03-23 11:00:00,167.8712176354711
84,2020-03-23 12:00:00,172.33530397249382
85,2020-03-23 13:00:00,177.4068131311264
86,2020-03-23 14:00:00,184.2930945207861
87,2020-03-23 15:00:00,188.71110793274048
88,2020-03-23 16:00:00,183.97126135861265
89,2020-03-23 17:00:00,166.9777213715561
90,2020-03-23 18:00:00,141.76495152781592
91,2020-03-23 19:00:00,117.12564940673525
92,2020-03-23 20:00:00,100.17103840567093
93,2020-03-23 21:00:00,91.37991944551258
94,2020-03-23 22:00:00,85.33466208691931
95,2020-03-23 23:00:00,76.20063648142502
96,2020-03-24 00:00:00,62.91069555141055
97,2020-03-24 01:00:00,49.6881513940055
98,2020-03-24 02:00:00,42.26289568443647
99,2020-03-24 03:00:00,43.027706791307516
100,2020-03-24 04:00:00,50.70421005951412
101,2020-03-24 05:00:00,62.745709500328154
102,2020-03-24 06:00:00,77.99169777483365
103,2020-03-24 07:00:00,96.5098598931595
104,2020-03-24 08:00:00,117.22625660297794
105,2020-03-24 09:00:00,136.5871052801297
106,2020-03-24 10:00:00,150.41470398447137
107,2020-03-24 11:00:00,157.44267006356912
108,2020-03-24 12:00:00,160.71398136920521
109,2020-03-24 13:00:00,164.76893678584818
110,2020-03-24 14:00:00,170.81992790937682
111,2020-03-24 15:00:00,174.58650668546727
112,2020-03-24 16:00:00,169.3792526434911
113,2020-03-24 17:00:00,152.10014275362445
114,2020-03-24 18:00:00,126.77917825956631
115,2020-03-24 19:00:00,102.20243765939937
116,2020-03-24 20:00:00,85.47251014706139
117,2020-03-24 21:00:00,77.05771255073599
118,2020-03-24 22:00:00,71.52826690037085
119,2020-03-24 23:00:00,63.035937370217574
120,2020-03-25 00:00:00,50.49873313566895
121,2020-03-25 01:00:00,38.124118090872834
122,2020-03-25 02:00:00,31.45090379541287
123,2020-03-25 03:00:00,33.02921615771603
124,2020-03-25 04:00:00,41.563296786601654
125,2020-03-25 05:00:00,54.48905607164183
126,2020-03-25 06:00:00,70.62883045605173
127,2020-03-25 07:00:00,90.033626291193
128,2020-03-25 08:00:00,111.61353309697667
129,2020-03-25 09:00:00,131.79972104232513
130,2020-03-25 10:00:00,146.620874751927
131,2020-03-25 11:00:00,154.57768616620785
132,2020-03-25 12:00:00,158.7019843459126
133,2020-03-25 13:00:00,163.5245247797622
134,2020-03-25 14:00:00,170.24987439064628
135,2020-03-25 15:00:00,174.59156647540834
136,2020-03-25 16:00:00,169.85602819590852
137,2020-03-25 17:00:00,152.9429830052579
138,2020-03-25 18:00:00,127.88208208383159
139,2020-03-25 19:00:00,103.46093406323587
140,2020-03-25 20:00:00,86.78548782043592
141,2020-03-25 21:00:00,78.32917222101233
142,2020-03-25 22:00:00,72.6689711381385
143,2020-03-25 23:00:00,63.96493402895056
144,2020-03-26 00:00:00,51.144730452140024
145,2020-03-26 01:00:00,38.4266916302499
146,2020-03-26 02:00:00,31.361517811542633
147,2020-03-26 03:00:00,32.51204460497057
148,2020-03-26 04:00:00,40.59583203370467
149,2020-03-26 05:00:00,53.062496382258836
150,2020-03-26 06:00:00,68.748240410112
151,2020-03-26 07:00:00,87.71786751870958
152,2020-03-26 08:00:00,108.89496592491867
153,2020-03-26 09:00:00,128.72368090337056
154,2020-03-26 10:00:00,143.02462113704968
155,2020-03-26 11:00:00,150.53007108359247
156,2020-03-26 12:00:00,154.28199806845385
157,2020-03-26 13:00:00,158.81997158592355
158,2020-03-26 14:00:00,165.35588750350666
159,2020-03-26 15:00:00,169.60898297751461
160,2020-03-26 16:00:00,164.8896467478844
161,2020-03-26 17:00:00,148.09972896834054
162,2020-03-26 18:00:00,123.36882079916649
163,2020-03-26 19:00:00,99.38310059578308
164,2020-03-26 20:00:00,83.24484927826597
165,2020-03-26 21:00:00,75.42189207254512
166,2020-03-26 22:00:00,70.48371846620915
167,2020-03-26 23:00:00,62.58106556932643
168,2020-03-27 00:00:00,50.63057250518015
169,2020-03-27 01:00:00,38.837947813968476
170,2020-03-27 02:00:00,32.73982714249776
171,2020-03-27 03:00:00,34.8837125907516
172,2020-03-27 04:00:00,43.97075533621729
173,2020-03-27 05:00:00,57.43329921245828
174,2020-03-27 06:00:00,74.0896381470099
175,2020-03-27 07:00:00,93.98627016787347
176,2020-03-27 08:00:00,116.02833096997304
177,2020-03-27 09:00:00,136.6416218823644
178,2020-03-27 10:00:00,151.62877496359062
179,2020-03-27 11:00:00,159.7047237457321
180,2020-03-27 12:00:00,163.89496494685798
181,2020-03-27 13:00:00,168.72372523442203
182,2020-03-27 14:00:00,175.38892244901334
183,2020-03-27 15:00:00,179.5974038713333
184,2020-03-27 16:00:00,174.64896316525784
185,2020-03-27 17:00:00,157.43683728711562
186,2020-03-27 18:00:00,131.98443624399133
187,2020-03-27 19:00:00,107.07347370899221
188,2020-03-27 20:00:00,89.8044519351384
189,2020-03-27 21:00:00,80.6459034683235
190,2020-03-27 22:00:00,74.1705665535726
191,2020-03-27 23:00:00,64.53499311548396
192,2020-03-28 00:00:00,50.6641962538136
193,2020-03-28 01:00:00,36.77477896743142
194,2020-03-28 02:00:00,28.416721525223778
195,2020-03-28 03:00:00,28.153219341260858
196,2020-03-28 04:00:00,34.703333938228965
197,2020-03-28 05:00:00,45.5193759265031
198,2020-03-28 06:00:00,59.44147458591117
199,2020-03-28 07:00:00,76.53961878327605
200,2020-03-28 08:00:00,95.74385453855228
201,2020-03-28 09:00:00,113.50605672559898
202,2020-03-28 10:00:00,125.65582054531573
203,2020-03-28 11:00:00,130.93564442098122
204,2020-03-28 12:00:00,132.39889296491873
205,2020-03-28 13:00:00,134.59765759465978
206,2020-03-28 14:00:00,138.75740779516204
207,2020-03-28 15:00:00,140.6119192817822
208,2020-03-28 16:00:00,133.48698438092376
209,2020-03-28 17:00:00,114.30060958887174
210,2020-03-28 18:00:00,87.09945679066436
211,2020-03-28 19:00:00,60.68669963255057
212,2020-03-28 20:00:00,42.182251828193436
213,2020-03-28 21:00:00,32.07177302936344
214,2020-03-28 22:00:00,24.94263208004245
215,2020-03-28 23:00:00,14.963329133955085
216,2020-03-29 00:00:00,1.0679859329821255
217,2020-03-29 01:00:00,0.0
218,2020-03-29 02:00:00,0.0
219,2020-03-29 03:00:00,0.0
220,2020-03-29 04:00:00,0.0
221,2020-03-29 05:00:00,0.6950165138588602
222,2020-03-29 06:00:00,16.52814123351456
223,2020-03-29 07:00:00,35.834305479951375
224,2020-03-29 08:00:00,57.52820936789672
225,2020-03-29 09:00:00,78.04361987431214
226,2020-03-29 10:00:00,93.18943754646263
227,2020-03-29 11:00:00,101.68508368392482
228,2020-03-29 12:00:00,106.55869433099643
229,2020-03-29 13:00:00,112.33523615731815
230,2020-03-29 14:00:00,120.21143420033414
231,2020-03-29 15:00:00,125.89099464673754
232,2020-03-29 16:00:00,122.66862459154575
233,2020-03-29 17:00:00,107.43055019096664
234,2020-03-29 18:00:00,84.19128602078369
235,2020-03-29 19:00:00,61.72182337031501
236,2020-03-29 20:00:00,47.110190449071325
237,2020-03-29 21:00:00,40.81078633360839
238,2020-03-29 22:00:00,37.3806647134575
239,2020-03-29 23:00:00,30.959265265314677
240,2020-03-30 00:00:00,20.45319842178253
241,2020-03-30 01:00:00,10.059523900524553
242,2020-03-30 02:00:00,5.307698906533844
243,2020-03-30 03:00:00,8.739586296554478
244,2020-03-30 04:00:00,19.052283525820073
245,2020-03-30 05:00:00,33.67568955384907
246,2020-03-30 06:00:00,51.42726242575368
247,2020-03-30 07:00:00,72.35425034135285
248,2020-03-30 08:00:00,95.3640796247517
249,2020-03-30 09:00:00,116.88631514039604
250,2020-03-30 10:00:00,132.72873689161437
251,2020-03-30 11:00:00,141.61270259564606
252,2020-03-30 12:00:00,146.57128308516178
253,2020-03-30 13:00:00,152.1372863962915
254,2020-03-30 14:00:00,159.5180619379802
255,2020-03-30 15:00:00,164.4305695026215
256,2020-03-30 16:00:00,160.18521708101142
257,2020-03-30 17:00:00,143.68617124625627
258,2020-03-30 18:00:00,118.96789555592163
259,2020-03-30 19:00:00,94.82308757987776
260,2020-03-30 20:00:00,78.36297072491541
261,2020-03-30 21:00:00,70.06634591055857
262,2020-03-30 22:00:00,64.51558269789965
263,2020-03-30 23:00:00,55.876051238596006
264,2020-03-31 00:00:00,43.08060445449152
265,2020-03-31 01:00:00,30.352554443028815
266,2020-03-31 02:00:00,23.24732265970247
267,2020-03-31 03:00:00,24.33215769282802
268,2020-03-31 04:00:00,32.328684887299666
269,2020-03-31 05:00:00,44.690208254445494
270,2020-03-31 06:00:00,60.25622045515982
271,2020-03-31 07:00:00,79.09440649962917
272,2020-03-31 08:00:00,100.13082713554343
273,2020-03-31 09:00:00,119.81169973878434
274,2020-03-31 10:00:00,133.95932236925591
275,2020-03-31 11:00:00,141.3073123748293
276,2020-03-31 12:00:00,144.8986476063798
277,2020-03-31 13:00:00,149.27362694934433
278,2020-03-31 14:00:00,155.6446419990786
279,2020-03-31 15:00:00,159.73124470128568
280,2020-03-31 16:00:00,154.84401458536516
281,2020-03-31 17:00:00,137.8849286219014
282,2020-03-31 18:00:00,112.88398805406584
283,2020-03-31 19:00:00,88.62727137996121
284,2020-03-31 20:00:00,72.2173677936994
285,2020-03-31 21:00:00,64.12259412364945
286,2020-03-31 22:00:00,58.91317239948114
287,2020-03-31 23:00:00,50.740866796244646
288,2020-04-01 00:00:00,38.5236864869326
289,2020-04-01 01:00:00,26.46909536855783
290,2020-04-01 02:00:00,20.115904999039216
291,2020-04-01 03:00:00,22.014240851912646
292,2020-04-01 04:00:00,30.868344971397377
293,2020-04-01 05:00:00,44.11412774701814
294,2020-04-01 06:00:00,60.57392562195412
295,2020-04-01 07:00:00,80.2987449475558
296,2020-04-01 08:00:00,102.1986752438026
297,2020-04-01 09:00:00,122.70488667984961
298,2020-04-01 10:00:00,137.62575466782107
299,2020-04-01 11:00:00,145.6822803626838
300,2020-04-01 12:00:00,149.90629282214957
301,2020-04-01 13:00:00,154.82854753576396
302,2020-04-01 14:00:00,161.65361142589168
303,2020-04-01 15:00:00,166.09501779045547
304,2020-04-01 16:00:00,161.45919379085169
305,2020-04-01 17:00:00,144.64586287970496
306,2020-04-01 18:00:00,119.68467623791986
307,2020-04-01 19:00:00,95.36324249706463
308,2020-04-01 20:00:00,78.78751053405989
309,2020-04-01 21:00:00,70.43090921407389
310,2020-04-01 22:00:00,64.87042241082014
311,2020-04-01 23:00:00,56.26609958165916
312,2020-04-02 00:00:00,43.54561028443319
313,2020-04-02 01:00:00,30.927285742159725
314,2020-04-02 02:00:00,23.96182620318985
315,2020-04-02 03:00:00,25.21206727637503
316,2020-04-02 04:00:00,33.39556898489554
317,2020-04-02 05:00:00,45.961947612847936
318,2020-04-02 06:00:00,61.747405920716815
319,2020-04-02 07:00:00,80.81674730896057
320,2020-04-02 08:00:00,102.09355999478191
321,2020-04-02 09:00:00,122.02198925282865
322,2020-04-02 10:00:00,136.42264376614378
323,2020-04-02 11:00:00,144.02780785824066
324,2020-04-02 12:00:00,147.8794489880582
325,2020-04-02 13:00:00,152.51713665052773
326,2020-04-02 14:00:00,159.15276671366541
327,2020-04-02 15:00:00,163.50557633290924
328,2020-04-02 16:00:00,158.88595424828145
329,2020-04-02 17:00:00,142.19575061379797
330,2020-04-02 18:00:00,117.4648418859693
331,2020-04-02 19:00:00,93.47912112436063
332,2020-04-02 20:00:00,77.34086924668082
333,2020-04-02 21:00:00,69.5179114819715
334,2020-04-02 22:00:00,64.57973731656865
335,2020-04-02 23:00:00,56.677083860552635
336,2020-04-03 00:00:00,44.72659023723425
337,2020-04-03 01:00:00,32.93396498721783
338,2020-04-03 02:00:00,26.83584375675163
339,2020-04-03 03:00:00,28.979728645589454
340,2020-04-03 04:00:00,38.066770832079364
341,2020-04-03 05:00:00,51.529314149326055
342,2020-04-03 06:00:00,68.1856525248289
343,2020-04-03 07:00:00,88.08228398657798
344,2020-04-03 08:00:00,110.12434422947209
345,2020-04-03 09:00:00,130.73763458298328
346,2020-04-03 10:00:00,145.72478710477424
347,2020-04-03 11:00:00,153.80073532785383
348,2020-04-03 12:00:00,157.99097596997385
349,2020-04-03 13:00:00,162.8197356985358
350,2020-04-03 14:00:00,169.4849323537013
351,2020-04-03 15:00:00,173.69341321705792
352,2020-04-03 16:00:00,168.74497195211316
353,2020-04-03 17:00:00,151.5328455146548
354,2020-04-03 18:00:00,126.08044391240776
355,2020-04-03 19:00:00,101.16948081838467
356,2020-04-03 20:00:00,83.89547606469482
357,2020-04-03 21:00:00,74.73194461635664
358,2020-04-03 22:00:00,68.25162472035558
359,2020-04-03 23:00:00,58.61106830188601
360,2020-04-04 00:00:00,44.73528846018072
361,2020-04-04 01:00:00,30.84088819211678
362,2020-04-04 02:00:00,22.47784776388876
363,2020-04-04 03:00:00,22.20936259382423
364,2020-04-04 04:00:00,28.754494204563642
365,2020-04-04 05:00:00,39.565553206382624
366,2020-04-04 06:00:00,53.48266887956254
367,2020-04-04 07:00:00,70.57583009112113
368,2020-04-04 08:00:00,89.77508286013263
369,2020-04-04 09:00:00,107.5323020609085
370,2020-04-04 10:00:00,119.67708289439571
371,2020-04-04 11:00:00,124.95192378427228
372,2020-04-04 12:00:00,126.41018934177748
373,2020-04-04 13:00:00,128.60397098512934
374,2020-04-04 14:00:00,132.7587381997792
375,2020-04-04 15:00:00,134.60826670015337
376,2020-04-04 16:00:00,127.478348812988
377,2020-04-04 17:00:00,108.28699103464037
378,2020-04-04 18:00:00,81.08085525071634
379,2020-04-04 19:00:00,54.66311510630534
380,2020-04-04 20:00:00,36.153684315519605
381,2020-04-04 21:00:00,26.03822253060997
382,2020-04-04 22:00:00,18.90409859513158
383,2020-04-04 23:00:00,8.919812662890664
384,2020-04-05 00:00:00,0.0
385,2020-04-05 01:00:00,0.0
386,2020-04-05 02:00:00,0.0
387,2020-04-05 03:00:00,0.0
388,2020-04-05 04:00:00,0.0
389,2020-04-05 05:00:00,0.0
390,2020-04-05 06:00:00,10.449742108810383
391,2020-04-05 07:00:00,29.750922785539814
392,2020-04-05 08:00:00,51.43984310377902
393,2020-04-05 09:00:00,71.95027004072004
394,2020-04-05 10:00:00,87.09110414322507
395,2020-04-05 11:00:00,95.58176669853756
396,2020-04-05 12:00:00,100.45039376391753
397,2020-04-05 13:00:00,106.22195200860202
398,2020-04-05 14:00:00,114.09316646987925
399,2020-04-05 15:00:00,119.76774333413636
400,2020-04-05 16:00:00,116.54038969793964
401,2020-04-05 17:00:00,101.29733171485707
402,2020-04-05 18:00:00,78.05308396287388
403,2020-04-05 19:00:00,55.578637730704216
404,2020-04-05 20:00:00,40.96202122781422
405,2020-04-05 21:00:00,34.65763353068322
406,2020-04-05 22:00:00,31.22252832828741
407,2020-04-05 23:00:00,24.796145298499354
408,2020-04-06 00:00:00,14.28509487347658
409,2020-04-06 01:00:00,3.8864367703887126
410,2020-04-06 02:00:00,0.0
411,2020-04-06 03:00:00,2.5565320029641896
412,2020-04-06 04:00:00,12.864245650564428
413,2020-04-06 05:00:00,27.48266809652251
414,2020-04-06 06:00:00,45.22925738661394
415,2020-04-06 07:00:00,66.15126172087142
416,2020-04-06 08:00:00,89.15610742227545
417,2020-04-06 09:00:00,110.6733593560693
418,2020-04-06 10:00:00,126.51079752547835
419,2020-04-06 11:00:00,135.38977964818002
420,2020-04-06 12:00:00,140.3433765546068
421,2020-04-06 13:00:00,145.90439628269107
422,2020-04-06 14:00:00,153.28018824186628
423,2020-04-06 15:00:00,158.18771222359547
424,2020-04-06 16:00:00,153.93737621901266
425,2020-04-06 17:00:00,137.43334680129644
426,2020-04-06 18:00:00,112.71008752808169
427,2020-04-06 19:00:00,88.56029597599529
428,2020-04-06 20:00:00,72.09519554432023
429,2020-04-06 21:00:00,63.793587154231105
430,2020-04-06 22:00:00,58.23784036466231
431,2020-04-06 23:00:00,49.59332532893346
432,2020-04-07 00:00:00,36.79289496831353
433,2020-04-07 01:00:00,24.059861380670377
434,2020-04-07 02:00:00,16.949646021125254
435,2020-04-07 03:00:00,18.02949747772209
436,2020-04-07 04:00:00,26.021041095557884
437,2020-04-07 05:00:00,38.37758088632146
438,2020-04-07 06:00:00,53.938609510649556
439,2020-04-07 07:00:00,72.77181197866787
440,2020-04-07 08:00:00,93.80324903818357
441,2020-04-07 09:00:00,113.47913806520735
442,2020-04-07 10:00:00,127.62177711929036
443,2020-04-07 11:00:00,134.96478354800706
444,2020-04-07 12:00:00,138.55113520321908
445,2020-04-07 13:00:00,142.92113096984878
446,2020-04-07 14:00:00,149.28716244318196
447,2020-04-07 15:00:00,153.36878156889964
448,2020-04-07 16:00:00,148.4765678764778
449,2020-04-07 17:00:00,131.5124983364644
450,2020-04-07 18:00:00,106.50657419217374
451,2020-04-07 19:00:00,82.24487394171287
452,2020-04-07 20:00:00,65.82998677664703
453,2020-04-07 21:00:00,57.73022952777694
454,2020-04-07 22:00:00,52.51582422470983
455,2020-04-07 23:00:00,44.338535042176076
456,2020-04-08 00:00:00,32.116371154183994
457,2020-04-08 01:00:00,20.056796456816258
458,2020-04-08 02:00:00,13.698622508250494
459,2020-04-08 03:00:00,15.591975218100792
460,2020-04-08 04:00:00,24.441096194454246
461,2020-04-08 05:00:00,37.68189582648937
462,2020-04-08 06:00:00,54.13671055749154
463,2020-04-08 07:00:00,73.8565467406182
464,2020-04-08 08:00:00,95.75149389386769
465,2020-04-08 09:00:00,116.25272218659347
466,2020-04-08 10:00:00,131.16860703128458
467,2020-04-08 11:00:00,139.22014958297206
468,2020-04-08 12:00:00,143.4391788991773
469,2020-04-08 13:00:00,148.35645046934673
470,2020-04-08 14:00:00,155.17653121664466
471,2020-04-08 15:00:00,159.61295443790237
472,2020-04-08 16:00:00,154.97214729493157
473,2020-04-08 17:00:00,138.1538332404291
474,2020-04-08 18:00:00,113.18766345536875
475,2020-04-08 19:00:00,88.86124657133752
476,2020-04-08 20:00:00,72.28053146518269
477,2020-04-08 21:00:00,63.91894700210865
478,2020-04-08 22:00:00,58.35347705563959
479,2020-04-08 23:00:00,49.74417108318313
480,2020-04-09 00:00:00,37.01869864263014
481,2020-04-09 01:00:00,24.39539095706113
482,2020-04-09 02:00:00,17.42494827525379
483,2020-04-09 03:00:00,18.67020620509743
484,2020-04-09 04:00:00,26.848724770150888
485,2020-04-09 05:00:00,39.41012026654463
486,2020-04-09 06:00:00,55.19059544272598
487,2020-04-09 07:00:00,74.25495369921744
488,2020-04-09 08:00:00,95.52678325323939
489,2020-04-09 09:00:00,115.45022937995726
490,2020-04-09 10:00:00,129.84590076158534
491,2020-04-09 11:00:00,137.4460818554022
492,2020-04-09 12:00:00,141.29273998859816
493,2020-04-09 13:00:00,145.92544465389733
494,2020-04-09 14:00:00,152.55609171973327
495,2020-04-09 15:00:00,156.90391834173016
496,2020-04-09 16:00:00,152.27931325982212
497,2020-04-09 17:00:00,135.58412662823216
498,2020-04-09 18:00:00,110.84823490273403
499,2020-04-09 19:00:00,86.85753114394225
500,2020-04-09 20:00:00,70.71429626913395
501,2020-04-09 21:00:00,62.886355507274224
502,2020-04-09 22:00:00,57.94319834532238
503,2020-04-09 23:00:00,50.03556189102554
504,2020-04-10 00:00:00,38.08008527068743
505,2020-04-10 01:00:00,26.282477023306917
506,2020-04-10 02:00:00,20.179372795595683
507,2020-04-10 03:00:00,22.31827468725495
508,2020-04-10 04:00:00,31.400333876595717
509,2020-04-10 05:00:00,44.85789419626677
510,2020-04-10 06:00:00,61.50924957446369
511,2020-04-10 07:00:00,81.40089803910197
512,2020-04-10 08:00:00,103.4379752850363
513,2020-04-10 09:00:00,124.04628264120913
514,2020-04-10 10:00:00,139.02845216570188
515,2020-04-10 11:00:00,147.09941739160507
516,2020-04-10 12:00:00,151.28467503655872
517,2020-04-10 13:00:00,156.10845176193578
518,2020-04-10 14:00:00,162.76866541456164
519,2020-04-10 15:00:00,166.97216327499797
520,2020-04-10 16:00:00,162.01873900707227
521,2020-04-10 17:00:00,144.80162956664444
522,2020-04-10 18:00:00,119.34424496150862
523,2020-04-10 19:00:00,94.42829886469613
524,2020-04-10 20:00:00,77.15429352987094
525,2020-04-10 21:00:00,67.99076150018806
526,2020-04-10 22:00:00,61.51044102345749
527,2020-04-10 23:00:00,51.86988402470503
528,2020-04-11 00:00:00,37.99410360080768
529,2020-04-11 01:00:00,24.09970275152226
530,2020-04-11 02:00:00,15.736661742593462
531,2020-04-11 03:00:00,15.468175990773481
532,2020-04-11 04:00:00,22.013307020629675
533,2020-04-11 05:00:00,32.824365441450894
534,2020-04-11 06:00:00,46.74148053351025
535,2020-04-11 07:00:00,63.83464116292619
536,2020-04-11 08:00:00,83.03389335166119
537,2020-04-11 09:00:00,100.79111197160559
538,2020-04-11 10:00:00,112.93589222397836
539,2020-04-11 11:00:00,118.21073253217753
540,2020-04-11 12:00:00,119.66899750860551
541,2020-04-11 13:00:00,121.8627785708843
542,2020-04-11 14:00:00,126.01754520440271
543,2020-04-11 15:00:00,127.86707312355713
544,2020-04-11 16:00:00,120.73715465511175
545,2020-04-11 17:00:00,101.54579629591547
546,2020-04-11 18:00:00,74.33965993038525
547,2020-04-11 19:00:00,47.92191920488722
548,2020-04-11 20:00:00,29.412487833227082
549,2020-04-11 21:00:00,19.29702550069141
550,2020-04-11 22:00:00,12.162901017508204
551,2020-04-11 23:00:00,2.1786145371701053
552,2020-04-12 00:00:00,0.0
553,2020-04-12 01:00:00,0.0
554,2020-04-12 02:00:00,0.0
555,2020-04-12 03:00:00,0.0
556,2020-04-12 04:00:00,0.0
557,2020-04-12 05:00:00,0.0
558,2020-04-12 06:00:00,3.708541899504965
559,2020-04-12 07:00:00,23.00972261215938
560,2020-04-12 08:00:00,44.698642965129046
561,2020-04-12 09:00:00,65.20906993902165
562,2020-04-12 10:00:00,80.34990407726552
563,2020-04-12 11:00:00,88.84056666834798
564,2020-04-12 12:00:00,93.70919376943435
565,2020-04-12 13:00:00,99.48075204972318
566,2020-04-12 14:00:00,107.35196654671796
567,2020-04-12 15:00:00,113.02654344718194
568,2020-04-12 16:00:00,109.79918984663796
569,2020-04-12 17:00:00,94.55613189927706
570,2020-04-12 18:00:00,71.31188418303965
571,2020-04-12 19:00:00,48.83743798671425
572,2020-04-12 20:00:00,34.22082151959509
573,2020-04-12 21:00:00,27.91643385804776
574,2020-04-12 22:00:00,24.481328691868022
575,2020-04-12 23:00:00,18.054945697796015
576,2020-04-13 00:00:00,7.543895308457209
577,2020-04-13 01:00:00,0.0
578,2020-04-13 02:00:00,0.0
579,2020-04-13 03:00:00,0.0
580,2020-04-13 04:00:00,6.123046228644597
581,2020-04-13 05:00:00,20.74146868085367
582,2020-04-13 06:00:00,38.48805797717929
583,2020-04-13 07:00:00,59.41006231760627
584,2020-04-13 08:00:00,82.41490802527599
585,2020-04-13 09:00:00,103.93215996517827
586,2020-04-13 10:00:00,119.76959814118675
587,2020-04-13 11:00:00,128.64858026965572
588,2020-04-13 12:00:00,133.6021771834311
589,2020-04-13 13:00:00,139.16319691886753
590,2020-04-13 14:00:00,146.53898888533604
591,2020-04-13 15:00:00,151.44651287426967
592,2020-04-13 16:00:00,147.19617687683075
593,2020-04-13 17:00:00,130.69214746758087
594,2020-04-13 18:00:00,105.96888820083537
595,2020-04-13 19:00:00,81.81909665559479
596,2020-04-13 20:00:00,65.35399623131329
597,2020-04-13 21:00:00,57.05238784859566
598,2020-04-13 22:00:00,51.49664106631984
599,2020-04-13 23:00:00,42.852126037539065
600,2020-04-14 00:00:00,30.05169568512997
601,2020-04-14 01:00:00,17.318662104296465
602,2020-04-14 02:00:00,10.208446751616513
603,2020-04-14 03:00:00,11.288298215564907
604,2020-04-14 04:00:00,19.27984184018898
605,2020-04-14 05:00:00,31.636381638909555
606,2020-04-14 06:00:00,47.19741027054797
607,2020-04-14 07:00:00,66.03061274561965
608,2020-04-14 08:00:00,87.06204981255665
609,2020-04-14 09:00:00,106.73793884676664
610,2020-04-14 10:00:00,120.88057790807653
611,2020-04-14 11:00:00,128.2235843440888
612,2020-04-14 12:00:00,131.80993600665235
613,2020-04-14 13:00:00,136.1799317806371
614,2020-04-14 14:00:00,142.54596378286595
615,2020-04-14 15:00:00,146.6275834379898
616,2020-04-14 16:00:00,141.73537027501922
617,2020-04-14 17:00:00,124.77130126415152
618,2020-04-14 18:00:00,99.76537764912143
619,2020-04-14 19:00:00,75.50367792802007
620,2020-04-14 20:00:00,59.08879129471399
621,2020-04-14 21:00:00,50.98903457743265
622,2020-04-14 22:00:00,45.77462980608882
623,2020-04-14 23:00:00,37.5973411557768
624,2020-04-15 00:00:00,25.375177799481882
625,2020-04-15 01:00:00,13.315603633843295
626,2020-04-15 02:00:00,6.957430217077075
627,2020-04-15 03:00:00,8.850783458999437
628,2020-04-15 04:00:00,17.699904966915668
629,2020-04-15 05:00:00,30.94070513048144
630,2020-04-15 06:00:00,47.39552039383808
631,2020-04-15 07:00:00,67.11535710872147
632,2020-04-15 08:00:00,89.01030479367962
633,2020-04-15 09:00:00,109.51153361684082
634,2020-04-15 10:00:00,124.42741899454009
635,2020-04-15 11:00:00,132.47896207822998
636,2020-04-15 12:00:00,136.69799192607817
637,2020-04-15 13:00:00,141.61526402807613
638,2020-04-15 14:00:00,148.43534530723645
639,2020-04-15 15:00:00,152.8717690602212
640,2020-04-15 16:00:00,148.2309624489166
641,2020-04-15 17:00:00,131.41264892645438
642,2020-04-15 18:00:00,106.44647967323988
643,2020-04-15 19:00:00,82.12006332089385
644,2020-04-15 20:00:00,65.53934874635237
645,2020-04-15 21:00:00,57.17776481516212
646,2020-04-15 22:00:00,51.61437403445562
647,2020-04-15 23:00:00,43.00714722763985
648,2020-04-16 00:00:00,30.28375395284491
649,2020-04-16 01:00:00,17.662525433252846
650,2020-04-16 02:00:00,10.69416191689264
651,2020-04-16 03:00:00,11.941499012560655
652,2020-04-16 04:00:00,20.122096743467644
653,2020-04-16 05:00:00,32.68557139418047
654,2020-04-16 06:00:00,48.46812572462663
655,2020-04-16 07:00:00,67.53456313511175
656,2020-04-16 08:00:00,88.80847184361832
657,2020-04-16 09:00:00,108.7339971242962
658,2020-04-16 10:00:00,123.13174766011126
659,2020-04-16 11:00:00,130.73400790818422
660,2020-04-16 12:00:00,134.5827451956927
661,2020-04-16 13:00:00,139.2175290153082
662,2020-04-16 14:00:00,145.85025523496955
663,2020-04-16 15:00:00,150.20016101133928
664,2020-04-16 16:00:00,145.57763508376792
665,2020-04-16 17:00:00,128.8845276063228
666,2020-04-16 18:00:00,104.15071503614426
667,2020-04-16 19:00:00,80.16209043052064
668,2020-04-16 20:00:00,64.02093470999732
669,2020-04-16 21:00:00,56.19507310216372
670,2020-04-16 22:00:00,51.25399509432845
671,2020-04-16 23:00:00,43.34843779470633
672,2020-04-17 00:00:00,31.395040328510476
673,2020-04-17 01:00:00,19.599511235582312
674,2020-04-17 02:00:00,13.49848616183602
675,2020-04-17 03:00:00,15.639467207804962
676,2020-04-17 04:00:00,24.72360555137338
677,2020-04-17 05:00:00,38.18324502547548
678,2020-04-17 06:00:00,54.88169837926813
679,2020-04-17 07:00:00,74.82044481943642
680,2020-04-17 08:00:00,96.90462004082545
681,2020-04-17 09:00:00,117.56002537247952
682,2020-04-17 10:00:00,132.58929287249438
683,2020-04-17 11:00:00,140.70735607414056
684,2020-04-17 12:00:00,144.93971169439982
685,2020-04-17 13:00:00,149.8105864011486
686,2020-04-17 14:00:00,156.51789803501543
687,2020-04-17 15:00:00,160.76849387654582
688,2020-04-17 16:00:00,155.8621675896528
689,2020-04-17 17:00:00,138.69215613058503
690,2020-04-17 18:00:00,113.28186950665855
691,2020-04-17 19:00:00,88.4130213908951
692,2020-04-17 20:00:00,71.18611403711839
693,2020-04-17 21:00:00,62.069679988690325
694,2020-04-17 22:00:00,55.63645749313607
695,2020-04-17 23:00:00,46.042998475467265
696,2020-04-18 00:00:00,32.21431603270407
697,2020-04-18 01:00:00,18.367013164821515
698,2020-04-18 02:00:00,10.05107013670338
699,2020-04-18 03:00:00,9.829682366123315
700,2020-04-18 04:00:00,16.421911377248833
701,2020-04-18 05:00:00,27.280067779295265
702,2020-04-18 06:00:00,41.24428085205546
703,2020-04-18 07:00:00,58.38453946324811
704,2020-04-18 08:00:00,77.63088963301462
705,2020-04-18 09:00:00,95.43520623392162
706,2020-04-18 10:00:00,107.62708446662418
707,2020-04-18 11:00:00,112.9490227567926
708,2020-04-18 12:00:00,114.45438571446127
709,2020-04-18 13:00:00,116.69526475798494
710,2020-04-18 14:00:00,120.89758168090825
711,2020-04-18 15:00:00,122.79465988988423
712,2020-04-18 16:00:00,115.71229171135376
713,2020-04-18 17:00:00,96.56848364175166
714,2020-04-18 18:00:00,69.40989756588866
715,2020-04-18 19:00:00,43.03970713015639
716,2020-04-18 20:00:00,24.577826048158656
717,2020-04-18 21:00:00,14.509913971677022
718,2020-04-18 22:00:00,7.423339744700847
719,2020-04-18 23:00:00,0.0
720,2020-04-19 00:00:00,0.0
721,2020-04-19 01:00:00,0.0
722,2020-04-19 02:00:00,0.0
723,2020-04-19 03:00:00,0.0
724,2020-04-19 04:00:00,0.0
725,2020-04-19 05:00:00,0.0
726,2020-04-19 06:00:00,0.0
727,2020-04-19 07:00:00,18.698113646280916
728,2020-04-19 08:00:00,40.43458425543996
729,2020-04-19 09:00:00,60.99256148551537
730,2020-04-19 10:00:00,76.18094587998284
731,2020-04-19 11:00:00,84.71915872714449
732,2020-04-19 12:00:00,89.63533608472343
733,2020-04-19 13:00:00,95.45444462147947
734,2020-04-19 14:00:00,103.37320937477094
735,2020-04-19 15:00:00,109.09533653153012
736,2020-04-19 16:00:00,105.91553318696697
737,2020-04-19 17:00:00,90.72002549608611
738,2020-04-19 18:00:00,67.52332803616395
739,2020-04-19 19:00:00,45.09643209687208
740,2020-04-19 20:00:00,30.527365885058416
741,2020-04-19 21:00:00,24.270528479878443
742,2020-04-19 22:00:00,20.88297356998777
743,2020-04-19 23:00:00,14.504140832878576
744,2020-04-20 00:00:00,4.040640700471215
745,2020-04-20 01:00:00,0.0
746,2020-04-20 02:00:00,0.0
747,2020-04-20 03:00:00,0.0
748,2020-04-20 04:00:00,2.809992648778703
749,2020-04-20 05:00:00,17.4759653878075
750,2020-04-20 06:00:00,35.270104970762155
751,2020-04-20 07:00:00,56.239659597752734
752,2020-04-20 08:00:00,79.29205559199508
753,2020-04-20 09:00:00,100.85685781871268
754,2020-04-20 10:00:00,116.74184628091461
755,2020-04-20 11:00:00,125.66837869600825
756,2020-04-20 12:00:00,130.6695258964641
757,2020-04-20 13:00:00,136.2780959185844
758,2020-04-20 14:00:00,143.7014381712662
759,2020-04-20 15:00:00,148.65651244691912
760,2020-04-20 16:00:00,144.45372673629296
761,2020-04-20 17:00:00,127.99724761337114
762,2020-04-20 18:00:00,103.32153863318769
763,2020-04-20 19:00:00,79.21929737460871
764,2020-04-20 20:00:00,62.80174723775462
765,2020-04-20 21:00:00,54.54768914102161
766,2020-04-20 22:00:00,49.03949264497875
767,2020-04-20 23:00:00,40.44252790317947
768,2020-04-21 00:00:00,27.689647837214864
769,2020-04-21 01:00:00,15.004164542926631
770,2020-04-21 02:00:00,7.941499476910096
771,2020-04-21 03:00:00,9.068901227533004
772,2020-04-21 04:00:00,17.10799513886083
773,2020-04-21 05:00:00,29.5120852239506
774,2020-04-21 06:00:00,45.12066414213486
775,2020-04-21 07:00:00,64.00270208785474
776,2020-04-21 08:00:00,85.08297462697223
777,2020-04-21 09:00:00,104.80769913238628
778,2020-04-21 10:00:00,118.99917366494127
779,2020-04-21 11:00:00,126.39101557255606
780,2020-04-21 12:00:00,130.02620270615506
781,2020-04-21 13:00:00,134.44503395121876
782,2020-04-21 14:00:00,140.85990090307976
783,2020-04-21 15:00:00,144.9903555074066
784,2020-04-21 16:00:00,140.14697729357812
785,2020-04-21 17:00:00,123.23174323186407
786,2020-04-21 18:00:00,98.27465456647958
787,2020-04-21 19:00:00,74.06178979452801
788,2020-04-21 20:00:00,57.695738110425005
789,2020-04-21 21:00:00,49.644816342514794
790,2020-04-21 22:00:00,44.47924652046345
791,2020-04-21 23:00:00,36.350792819363434
792,2020-04-22 00:00:00,24.17746441224871
793,2020-04-22 01:00:00,12.166725195821506
794,2020-04-22 02:00:00,5.857386728720996
795,2020-04-22 03:00:00,7.7995749196058455
796,2020-04-22 04:00:00,16.697531376898077
797,2020-04-22 05:00:00,29.987166489763965
798,2020-04-22 06:00:00,46.490816702425406
799,2020-04-22 07:00:00,66.25948836654864
800,2020-04-22 08:00:00,88.20327100071856
801,2020-04-22 09:00:00,108.7533347733905
802,2020-04-22 10:00:00,123.71805510039813
803,2020-04-22 11:00:00,131.81843313299453
804,2020-04-22 12:00:00,136.08629793005215
805,2020-04-22 13:00:00,141.05240498153677
806,2020-04-22 14:00:00,147.92132120998747
807,2020-04-22 15:00:00,152.44644524639403
808,2020-04-22 16:00:00,147.89433891961545
809,2020-04-22 17:00:00,131.1647256801917
810,2020-04-22 18:00:00,106.28725671070698
811,2020-04-22 19:00:00,82.04954064219
812,2020-04-22 20:00:00,65.5575263515252
813,2020-04-22 21:00:00,57.28464270419795
814,2020-04-22 22:00:00,51.80787357290798
815,2020-04-22 23:00:00,43.28726841606601
816,2020-04-23 00:00:00,30.650496791219645
817,2020-04-23 01:00:00,18.115889921380216
818,2020-04-23 02:00:00,11.234148054792428
819,2020-04-23 03:00:00,12.568106800346207
820,2020-04-23 04:00:00,20.83532618116876
821,2020-04-23 05:00:00,33.48542248147509
822,2020-04-23 06:00:00,49.35459846168566
823,2020-04-23 07:00:00,68.50765752233507
824,2020-04-23 08:00:00,89.86818788057425
825,2020-04-23 09:00:00,109.88033481097861
826,2020-04-23 10:00:00,124.36470699656135
827,2020-04-23 11:00:00,132.0535888948414
828,2020-04-23 12:00:00,135.98894783190292
829,2020-04-23 13:00:00,140.7103533011145
830,2020-04-23 14:00:00,147.42970117092614
831,2020-04-23 15:00:00,151.86622859704042
832,2020-04-23 16:00:00,147.3303243191526
833,2020-04-23 17:00:00,130.72383849227492
834,2020-04-23 18:00:00,106.07664757091818
835,2020-04-23 19:00:00,82.17464461545602
836,2020-04-23 20:00:00,66.12011054464831
837,2020-04-23 21:00:00,58.38087058726739
838,2020-04-23 22:00:00,53.52641422872737
839,2020-04-23 23:00:00,45.70747857885979
840,2020-04-24 00:00:00,33.8407027623869
841,2020-04-24 01:00:00,22.13179531921307
842,2020-04-24 02:00:00,16.117391895670472
843,2020-04-24 03:00:00,18.34499459134053
844,2020-04-24 04:00:00,27.515754584595882
845,2020-04-24 05:00:00,41.06201570859882
846,2020-04-24 06:00:00,57.80207189091176
847,2020-04-24 07:00:00,77.7824211595354
848,2020-04-24 08:00:00,99.90819920937264
849,2020-04-24 09:00:00,120.60520736971323
850,2020-04-24 10:00:00,135.67607769824338
851,2020-04-24 11:00:00,143.83574372800828
852,2020-04-24 12:00:00,148.1097021768262
853,2020-04-24 13:00:00,153.02217971213665
854,2020-04-24 14:00:00,159.77109417450546
855,2020-04-24 15:00:00,164.0632928440781
856,2020-04-24 16:00:00,159.19856938587628
857,2020-04-24 17:00:00,142.07016075515514
858,2020-04-24 18:00:00,116.70147695967526
859,2020-04-24 19:00:00,91.8742316724578
860,2020-04-24 20:00:00,74.6889271472818
861,2020-04-24 21:00:00,65.61409592743279
862,2020-04-24 22:00:00,59.222476260379416
863,2020-04-24 23:00:00,49.670620070866896
864,2020-04-25 00:00:00,35.88354045676405
865,2020-04-25 01:00:00,22.07784041729638
866,2020-04-25 02:00:00,13.80350021763055
867,2020-04-25 03:00:00,13.623715275788818
868,2020-04-25 04:00:00,20.257547115498078
869,2020-04-25 05:00:00,31.15730634564239
870,2020-04-25 06:00:00,45.16312224684302
871,2020-04-25 07:00:00,62.344983686670105
872,2020-04-25 08:00:00,81.63293668506705
873,2020-04-25 09:00:00,99.47885611437042
874,2020-04-25 10:00:00,111.71233717551002
875,2020-04-25 11:00:00,117.07587829418411
876,2020-04-25 12:00:00,118.62284408040134
877,2020-04-25 13:00:00,120.90532595229084
878,2020-04-25 14:00:00,125.14879339547349
879,2020-04-25 15:00:00,127.08702212431706
880,2020-04-25 16:00:00,120.04580446559339
881,2020-04-25 17:00:00,100.94314691568113
882,2020-04-25 18:00:00,73.82571135972329
883,2020-04-25 19:00:00,47.49667144431351
884,2020-04-25 20:00:00,29.075940882088688
885,2020-04-25 21:00:00,19.0491793256614
886,2020-04-25 22:00:00,12.003755618641847
887,2020-04-25 23:00:00,2.108169914795269
888,2020-04-26 00:00:00,0.0
889,2020-04-26 01:00:00,0.0
890,2020-04-26 02:00:00,0.0
891,2020-04-26 03:00:00,0.0
892,2020-04-26 04:00:00,0.0
893,2020-04-26 05:00:00,0.0
894,2020-04-26 06:00:00,4.259002710934183
895,2020-04-26 07:00:00,23.64888419973753
896,2020-04-26 08:00:00,45.4265053288096
897,2020-04-26 09:00:00,66.02563307902948
898,2020-04-26 10:00:00,81.25516799347011
899,2020-04-26 11:00:00,89.83453136011687
900,2020-04-26 12:00:00,94.79185923770319
901,2020-04-26 13:00:00,100.65211829447043
902,2020-04-26 14:00:00,108.61203356777439
903,2020-04-26 15:00:00,114.375311244406
904,2020-04-26 16:00:00,111.23665841966756
905,2020-04-26 17:00:00,96.08230124865432
906,2020-04-26 18:00:00,72.92675430967017
907,2020-04-26 19:00:00,50.54100888934823
908,2020-04-26 20:00:00,36.0130931975917
909,2020-04-26 21:00:00,29.797406312446363
910,2020-04-26 22:00:00,26.451001923074656
911,2020-04-26 23:00:00,20.113319704084702
912,2020-04-27 00:00:00,9.69097009109916
913,2020-04-27 01:00:00,0.0
914,2020-04-27 02:00:00,0.0
915,2020-04-27 03:00:00,0.0
916,2020-04-27 04:00:00,8.624924116333048
917,2020-04-27 05:00:00,23.33204737424692
918,2020-04-27 06:00:00,41.16733747634473
919,2020-04-27 07:00:00,62.178042622672976
920,2020-04-27 08:00:00,85.27158913630365
921,2020-04-27 09:00:00,106.8775418821131
922,2020-04-27 10:00:00,122.80368086344748
923,2020-04-27 11:00:00,131.77136379774217
924,2020-04-27 12:00:00,136.81366151745513
925,2020-04-27 13:00:00,142.46338205850014
926,2020-04-27 14:00:00,149.92787483071965
927,2020-04-27 15:00:00,154.92409962548555
928,2020-04-27 16:00:00,150.76246443391176
929,2020-04-27 17:00:00,134.34713583010046
930,2020-04-27 18:00:00,109.71257736906568
931,2020-04-27 19:00:00,85.65148662973436
932,2020-04-27 20:00:00,69.27508701208006
933,2020-04-27 21:00:00,61.06217943434208
934,2020-04-27 22:00:00,55.59513345781188
935,2020-04-27 23:00:00,47.03931923588201
936,2020-04-28 00:00:00,34.327589688276426
937,2020-04-28 01:00:00,21.68325691311049
938,2020-04-28 02:00:00,14.661742366785596
939,2020-04-28 03:00:00,15.830294635947567
940,2020-04-28 04:00:00,23.91053906676838
941,2020-04-28 05:00:00,36.35577967114977
942,2020-04-28 06:00:00,52.00550910855287
943,2020-04-28 07:00:00,70.9274123887403
944,2020-04-28 08:00:00,92.04755026230221
945,2020-04-28 09:00:00,111.81214010251787
946,2020-04-28 10:00:00,126.0434799696028
947,2020-04-28 11:00:00,133.47518721126747
948,2020-04-28 12:00:00,137.15023967944
949,2020-04-28 13:00:00,141.60893625908082
950,2020-04-28 14:00:00,148.06366854546712
951,2020-04-28 15:00:00,152.23398848422963
952,2020-04-28 16:00:00,147.4304756047759
953,2020-04-28 17:00:00,130.55510687778377
954,2020-04-28 18:00:00,105.63788354652964
955,2020-04-28 19:00:00,81.46488410914333
956,2020-04-28 20:00:00,65.13869775965988
957,2020-04-28 21:00:00,57.12764132634707
958,2020-04-28 22:00:00,52.0019368388144
959,2020-04-28 23:00:00,43.91334847178131
960,2020-04-29 00:00:00,31.779885399401607
961,2020-04-29 01:00:00,19.809011517701762
962,2020-04-29 02:00:00,13.539538384803052
963,2020-04-29 03:00:00,15.521591910260994
964,2020-04-29 04:00:00,24.459413702155842
965,2020-04-29 05:00:00,37.788914149704766
966,2020-04-29 06:00:00,54.33242969639408
967,2020-04-29 07:00:00,74.14096669515877
968,2020-04-29 08:00:00,96.12461466280811
969,2020-04-29 09:00:00,116.71454377110695
970,2020-04-29 10:00:00,131.71912943256328
971,2020-04-29 11:00:00,139.8593727996767
972,2020-04-29 12:00:00,144.167102931307
973,2020-04-29 13:00:00,149.17307531695545
974,2020-04-29 14:00:00,156.08185687985392
975,2020-04-29 15:00:00,160.60698091665859
976,2020-04-29 16:00:00,156.05487458975517
977,2020-04-29 17:00:00,139.3252613502068
978,2020-04-29 18:00:00,114.4477923806838
979,2020-04-29 19:00:00,90.21007631320442
980,2020-04-29 20:00:00,73.71806202163664
981,2020-04-29 21:00:00,65.44517837411503
982,2020-04-29 22:00:00,59.96840924317565
983,2020-04-29 23:00:00,51.4478040862686
984,2020-04-30 00:00:00,38.81103246132598
985,2020-04-30 01:00:00,26.27642559142241
986,2020-04-30 02:00:00,19.394683725384645
987,2020-04-30 03:00:00,20.72864247083956
988,2020-04-30 04:00:00,28.995861851436608
989,2020-04-30 05:00:00,41.64595815184331
990,2020-04-30 06:00:00,57.51513413208693
991,2020-04-30 07:00:00,76.66819319270395
992,2020-04-30 08:00:00,98.02872355086286
993,2020-04-30 09:00:00,118.0408704811801
994,2020-04-30 10:00:00,132.5252426672147
995,2020-04-30 11:00:00,140.21412456496512
996,2020-04-30 12:00:00,144.1494835021073
997,2020-04-30 13:00:00,148.8708889714035
998,2020-04-30 14:00:00,155.59023684116897
999,2020-04-30 15:00:00,160.02676426722223
1000,2020-04-30 16:00:00,155.49085998921328
1001,2020-04-30 17:00:00,138.8843741627036
1002,2020-04-30 18:00:00,114.23718324138443
1003,2020-04-30 19:00:00,90.33518028552183
1004,2020-04-30 20:00:00,74.28064621483018
1005,2020-04-30 21:00:00,66.54140625754339
1006,2020-04-30 22:00:00,61.68694989901907
1007,2020-04-30 23:00:00,53.86801424880875
1008,2020-05-01 00:00:00,42.00123843323205
1009,2020-05-01 01:00:00,30.292330989616353
1010,2020-05-01 02:00:00,24.277927565757757
1011,2020-05-01 03:00:00,26.50553026151291
1012,2020-05-01 04:00:00,35.67629025432328
1013,2020-05-01 05:00:00,49.22255137897711
1014,2020-05-01 06:00:00,65.96260756083049
1015,2020-05-01 07:00:00,85.94295682959758
1016,2020-05-01 08:00:00,108.06873487961698
1017,2020-05-01 09:00:00,128.7657430398685
1018,2020-05-01 10:00:00,143.83661336835053
1019,2020-05-01 11:00:00,151.99627939813615
1020,2020-05-01 12:00:00,156.2702378470309
1021,2020-05-01 13:00:00,161.1827153824218
1022,2020-05-01 14:00:00,167.93162984431368
1023,2020-05-01 15:00:00,172.2238285143705
1024,2020-05-01 16:00:00,167.35910505603755
1025,2020-05-01 17:00:00,150.23069642519613
1026,2020-05-01 18:00:00,124.86201262967612
1027,2020-05-01 19:00:00,100.03476734251728
1028,2020-05-01 20:00:00,82.84946281735462
1029,2020-05-01 21:00:00,73.77463159730914
1030,2020-05-01 22:00:00,67.38301193019323
1031,2020-05-01 23:00:00,57.8311557412011
1032,2020-05-02 00:00:00,44.04407612701022
1033,2020-05-02 01:00:00,30.23837608748579
1034,2020-05-02 02:00:00,21.964035887682208
1035,2020-05-02 03:00:00,21.784250946194838
1036,2020-05-02 04:00:00,28.41808278568235
1037,2020-05-02 05:00:00,39.31784201556237
1038,2020-05-02 06:00:00,53.32365791716514
1039,2020-05-02 07:00:00,70.50551935695516
1040,2020-05-02 08:00:00,89.79347235526791
1041,2020-05-02 09:00:00,107.63939178337283
1042,2020-05-02 10:00:00,119.87287284606495
1043,2020-05-02 11:00:00,125.23641396473826
1044,2020-05-02 12:00:00,126.78337975071152
1045,2020-05-02 13:00:00,129.06586162253046
1046,2020-05-02 14:00:00,133.30932906579432
1047,2020-05-02 15:00:00,135.24755779457243
1048,2020-05-02 16:00:00,128.20634013572237
1049,2020-05-02 17:00:00,109.10368258611433
1050,2020-05-02 18:00:00,81.98624703020103
1051,2020-05-02 19:00:00,55.65720711435708
1052,2020-05-02 20:00:00,37.23647655220166
1053,2020-05-02 21:00:00,27.209714995875252
1054,2020-05-02 22:00:00,20.16429128887882
1055,2020-05-02 23:00:00,10.268705584747352
1056,2020-05-03 00:00:00,0.0
1057,2020-05-03 01:00:00,0.0
1058,2020-05-03 02:00:00,0.0
1059,2020-05-03 03:00:00,0.0
1060,2020-05-03 04:00:00,0.0
1061,2020-05-03 05:00:00,0.0
1062,2020-05-03 06:00:00,12.419538381305102
1063,2020-05-03 07:00:00,31.809419869797495
1064,2020-05-03 08:00:00,53.587040999064655
1065,2020-05-03 09:00:00,74.18616874918797
1066,2020-05-03 10:00:00,89.41570366357288
1067,2020-05-03 11:00:00,97.99506703030254
1068,2020-05-03 12:00:00,102.95239490797255
1069,2020-05-03 13:00:00,108.81265396482655
1070,2020-05-03 14:00:00,116.772569237574
1071,2020-05-03 15:00:00,122.53584691440889
1072,2020-05-03 16:00:00,119.39719408986464
1073,2020-05-03 17:00:00,104.24283691873826
1074,2020-05-03 18:00:00,81.08728997972085
1075,2020-05-03 19:00:00,58.70154455946415
1076,2020-05-03 20:00:00,44.17362886753575
1077,2020-05-03 21:00:00,37.95794198219035
1078,2020-05-03 22:00:00,34.611537592870114
1079,2020-05-03 23:00:00,28.273855374318345
1080,2020-05-04 00:00:00,17.851505761241015
1081,2020-05-04 01:00:00,7.541548470488635
1082,2020-05-04 02:00:00,2.8734407065350354
1083,2020-05-04 03:00:00,6.389045326968571
1084,2020-05-04 04:00:00,16.78545978653878
1085,2020-05-04 05:00:00,31.492583044634415
1086,2020-05-04 06:00:00,49.327873146759934
1087,2020-05-04 07:00:00,70.33857829305042
1088,2020-05-04 08:00:00,93.43212480659543
1089,2020-05-04 09:00:00,115.03807755231247
1090,2020-05-04 10:00:00,130.96421653359502
1091,2020-05-04 11:00:00,139.93189946819865
1092,2020-05-04 12:00:00,144.9741971876635
1093,2020-05-04 13:00:00,150.6239177288398
1094,2020-05-04 14:00:00,158.0884105010826
1095,2020-05-04 15:00:00,163.08463529578256
1096,2020-05-04 16:00:00,158.92300010408175
1097,2020-05-04 17:00:00,142.50767150040963
1098,2020-05-04 18:00:00,117.87311303942602
1099,2020-05-04 19:00:00,93.81202229998554
1100,2020-05-04 20:00:00,77.43562268222396
1101,2020-05-04 21:00:00,69.22271510457996
1102,2020-05-04 22:00:00,63.75566912806592
1103,2020-05-04 23:00:00,55.199854906072716
1104,2020-05-05 00:00:00,42.488125358558754
1105,2020-05-05 01:00:00,29.84379258362172
1106,2020-05-05 02:00:00,22.82227803665267
1107,2020-05-05 03:00:00,23.99083030611947
1108,2020-05-05 04:00:00,32.07107473704269
1109,2020-05-05 05:00:00,44.51631534148143
1110,2020-05-05 06:00:00,60.16604477827205
1111,2020-05-05 07:00:00,79.08794805909365
1112,2020-05-05 08:00:00,100.20808593264155
1113,2020-05-05 09:00:00,119.97267577267377
1114,2020-05-05 10:00:00,134.2040156387743
1115,2020-05-05 11:00:00,141.63572288140676
1116,2020-05-05 12:00:00,145.31077534966158
1117,2020-05-05 13:00:00,149.76947192938832
1118,2020-05-05 14:00:00,156.22420421534395
1119,2020-05-05 15:00:00,160.39452415420982
1120,2020-05-05 16:00:00,155.59101127495396
1121,2020-05-05 17:00:00,138.71564254779508
1122,2020-05-05 18:00:00,113.7984192165037
1123,2020-05-05 19:00:00,89.62541977917945
1124,2020-05-05 20:00:00,73.2992334298129
1125,2020-05-05 21:00:00,65.28817699618685
1126,2020-05-05 22:00:00,60.162472508586475
1127,2020-05-05 23:00:00,52.07388414203744
1128,2020-05-06 00:00:00,39.940421069566376
1129,2020-05-06 01:00:00,27.96954718780634
1130,2020-05-06 02:00:00,21.70007405496385
1131,2020-05-06 03:00:00,23.682127580495838
1132,2020-05-06 04:00:00,32.61994937236593
1133,2020-05-06 05:00:00,45.94944981960814
1134,2020-05-06 06:00:00,62.49296536675011
1135,2020-05-06 07:00:00,82.30150236548307
1136,2020-05-06 08:00:00,104.28515033305335
1137,2020-05-06 09:00:00,124.87507944126666
1138,2020-05-06 10:00:00,139.8796651026784
1139,2020-05-06 11:00:00,148.01990846958572
1140,2020-05-06 12:00:00,152.32763860142688
1141,2020-05-06 13:00:00,157.33361098728398
1142,2020-05-06 14:00:00,164.24239255020586
1143,2020-05-06 15:00:00,168.7675165870916
1144,2020-05-06 16:00:00,164.21541025990086
1145,2020-05-06 17:00:00,147.48579702059513
1146,2020-05-06 18:00:00,122.60832805112031
1147,2020-05-06 19:00:00,98.37061198352863
1148,2020-05-06 20:00:00,81.87859769181696
1149,2020-05-06 21:00:00,73.60571404439415
1150,2020-05-06 22:00:00,68.1289449134752
1151,2020-05-06 23:00:00,59.60833975650834
1152,2020-05-07 00:00:00,46.97156813147443
1153,2020-05-07 01:00:00,34.43696126191952
1154,2020-05-07 02:00:00,27.555219395433255
1155,2020-05-07 03:00:00,28.889178140961477
1156,2020-05-07 04:00:00,37.156397521661674
1157,2020-05-07 05:00:00,49.80649382215392
1158,2020-05-07 06:00:00,65.6756698024296
1159,2020-05-07 07:00:00,84.82872886301388
1160,2020-05-07 08:00:00,106.18925922122035
1161,2020-05-07 09:00:00,126.20140615174361
1162,2020-05-07 10:00:00,140.6857783373141
1163,2020-05-07 11:00:00,148.37466023506732
1164,2020-05-07 12:00:00,152.31001917228724
1165,2020-05-07 13:00:00,157.0314246416649
1166,2020-05-07 14:00:00,163.7507725111231
1167,2020-05-07 15:00:00,168.1872999372821
1168,2020-05-07 16:00:00,163.6513956594723
1169,2020-05-07 17:00:00,147.04490983272024
1170,2020-05-07 18:00:00,122.39771891136975
1171,2020-05-07 19:00:00,98.49571595557512
1172,2020-05-07 20:00:00,82.44118188566343
1173,2020-05-07 21:00:00,74.70194192745734
1174,2020-05-07 22:00:00,69.84748556886763
1175,2020-05-07 23:00:00,62.028549919012335
1176,2020-05-08 00:00:00,50.16177410338358
